CustomerID,LastPurshaceDate,Recency,Frequency,Monetary,R_rank,F_rank,M_rank,R_rank_norm,F_rank_norm,M_rank_norm,RFM_Score,Customer_segment,TransactionID,PurchaseDate,Quantity,Unit price,Age,Gender,Region,ByCash,Color,ProductOnSale,ProductSeason,Reviews,Salary,Score,date,TotalCost
1015,2023-10-15,39,2,678.0,574.0,544.0,313.0,84.0,80.0,79.0,80.0,Champions,708800,2023-10-15,2.0,92.0,19,male,South America ,1,Lavender,0.0,summer,Adidas Terrex outdoor gear excels in providing comfort and performance during adventures.,2924,4,2023-10-15,184.0
1015,2023-10-15,39,2,678.0,574.0,544.0,313.0,84.0,80.0,79.0,80.0,Champions,555381,2022-12-27,2.0,247.0,33,female,Europe,0,Cyan,0.0,spring,Adidas Solarboost 3 running shoes provide a responsive feel. Great for daily runs – 5 stars!,2924,5,2022-12-27,494.0
1022,2023-11-06,17,2,1406.0,638.0,544.0,503.0,93.0,80.0,79.0,83.0,Champions,998074,2023-11-06,2.0,114.0,51,male,Asia,1,Brown,0.0,spring,"Adidas wrist weights are adjustable and comfortable, adding resistance to workouts.",3223,4,2023-11-06,228.0
1022,2023-11-06,17,2,1406.0,638.0,544.0,503.0,93.0,80.0,79.0,83.0,Champions,880282,2023-07-17,2.0,589.0,45,female,Asia,0,Red,1.0,summer,"Adidas mountain biking shorts for kids offer comfort and durability, making them ideal for adventurous young cyclists.",3223,5,2023-07-17,1178.0
1030,2023-04-24,213,3,5184.0,217.0,651.0,657.0,32.0,95.0,95.0,79.0,Champions,147099,2023-04-24,3.0,154.0,60,male,Europe,0,Blue,0.0,fall,The Adidas sneakers I got were uncomfortable and gave me foot pain.,2707,1,2023-04-24,462.0
1030,2023-04-24,213,3,5184.0,217.0,651.0,657.0,32.0,95.0,95.0,79.0,Champions,173234,2023-02-15,3.0,681.0,24,female,South America ,0,Lavender,0.0,winter,The Adidas Supernova running jacket is perfect for unpredictable weather. Lightweight and breathable – 5 stars!,2707,5,2023-02-15,2043.0
1030,2023-04-24,213,3,5184.0,217.0,651.0,657.0,32.0,95.0,95.0,79.0,Champions,114291,2023-02-26,3.0,893.0,61,female,South America ,1,Olive,1.0,spring,"Adidas skateboards have a sturdy build, but the designs may not cater to all tastes.",2707,3,2023-02-26,2679.0
1033,2023-09-23,61,4,8408.0,525.0,684.0,688.0,76.0,100.0,99.0,94.0,Champions,865051,2023-09-23,3.0,91.0,53,female,Europe,1,Lavender,0.0,spring,"Adidas swimwear is not only fashionable but also durable, holding up well in various conditions.",2477,4,2023-09-23,273.0
1033,2023-09-23,61,4,8408.0,525.0,684.0,688.0,76.0,100.0,99.0,94.0,Champions,413709,2023-04-24,3.0,938.0,61,male,South America ,0,Blue,1.0,summer,Adidas Ultraboost DNA sneakers are a must-have for runners. Exceptional cushioning and support. Full marks!,2477,5,2023-04-24,2814.0
1033,2023-09-23,61,4,8408.0,525.0,684.0,688.0,76.0,100.0,99.0,94.0,Champions,407392,2022-12-15,3.0,953.75,28,female,South America ,1,Purple,0.0,winter,"Adidas workout gloves offer good grip, but the sizing may be tight for some users.",2477,3,2022-12-15,2861.25
1033,2023-09-23,61,4,8408.0,525.0,684.0,688.0,76.0,100.0,99.0,94.0,Champions,460916,2023-03-19,3.0,820.0,60,female,Asia,1,Purple,1.0,summer,Adidas could be more transparent about its manufacturing processes.,2477,2,2023-03-19,2460.0
1046,2023-10-31,23,2,2780.0,618.0,544.0,592.0,90.0,80.0,79.0,82.0,Champions,197717,2023-10-31,2.0,792.0,43,male,North America,0,Green,0.0,winter,"Adidas golf gloves for kids offer a secure grip, enhancing their performance on the golf course.",2523,5,2023-10-31,1584.0
1046,2023-10-31,23,2,2780.0,618.0,544.0,592.0,90.0,80.0,79.0,82.0,Champions,976030,2023-06-16,2.0,598.0,64,male,Asia,0,Magenta,0.0,spring,"Adidas soccer backpacks for kids are spacious and comfortable, making them perfect for carrying gear to and from practices.",2523,5,2023-06-16,1196.0
1068,2023-09-26,58,2,2488.0,535.0,544.0,563.0,78.0,80.0,79.0,79.0,Champions,560294,2023-08-29,2.0,776.0,26,male,Asia,0,Turquoise,1.0,summer,Adidas basketballs for kids are durable and suitable for junior players.,3956,5,2023-08-29,1552.0
1068,2023-09-26,58,2,2488.0,535.0,544.0,563.0,78.0,80.0,79.0,79.0,Champions,524895,2023-09-26,2.0,468.0,27,male,South America ,0,Magenta,1.0,winter,Adidas basketball hoops for kids are more than just equipment; they're gateways to developing basketball skills and passion.,3956,5,2023-09-26,936.0
1073,2023-10-12,42,2,2338.0,569.0,544.0,554.0,83.0,80.0,79.0,80.0,Champions,329244,2022-12-21,2.0,374.0,38,female,South America ,1,Turquoise,0.0,winter,Adidas sportswear stands out for its impeccable craftsmanship and attention to detail.,6237,5,2022-12-21,748.0
1073,2023-10-12,42,2,2338.0,569.0,544.0,554.0,83.0,80.0,79.0,80.0,Champions,420457,2023-10-12,2.0,795.0,37,male,Europe,0,Brown,1.0,fall,"Adidas cycling gloves provide a comfortable grip, enhancing the cycling experience.",6237,5,2023-10-12,1590.0
1074,2023-09-02,82,2,2823.0,474.0,544.0,594.0,69.0,80.0,79.0,77.0,Champions,327080,2023-09-02,3.0,669.0,27,male,South America ,1,mix,0.0,spring,Adidas Response Super running shoes provide excellent cushioning. Great for long distances – 5 stars!,4963,5,2023-09-02,2007.0
1074,2023-09-02,82,2,2823.0,474.0,544.0,594.0,69.0,80.0,79.0,77.0,Champions,781811,2023-06-08,3.0,272.0,24,female,Europe,1,Orange,0.0,winter,"Adidas paintball masks for kids offer protection and visibility, ensuring a safe and enjoyable paintball experience.",4963,5,2023-06-08,816.0
1098,2023-11-10,13,2,1616.0,648.0,544.0,514.0,94.0,80.0,79.0,83.0,Champions,624399,2023-11-10,2.0,702.0,35,male,South America ,0,Olive,1.0,spring,"Adidas soccer cleats for kids are not just footwear; they're a performance-enhancing asset on the field, offering traction and support.",4971,5,2023-11-10,1404.0
1098,2023-11-10,13,2,1616.0,648.0,544.0,514.0,94.0,80.0,79.0,83.0,Champions,511388,2023-04-02,2.0,106.0,56,female,Europe,1,Turquoise,1.0,spring,The Adidas website is not secure; I'm concerned about my personal information.,4971,1,2023-04-02,212.0
1103,2023-11-21,2,3,5504.0,681.0,651.0,661.0,99.0,95.0,95.0,96.0,Champions,810988,2023-06-29,3.0,953.75,42,male,North America,1,Purple,1.0,summer,"Adidas running shoes for kids offer cushioning and support, making them ideal for active kids on the go.",2879,5,2023-06-29,2861.25
1103,2023-11-21,2,3,5504.0,681.0,651.0,661.0,99.0,95.0,95.0,96.0,Champions,877633,2023-11-21,3.0,192.0,22,male,South America ,0,Magenta,1.0,fall,"Adidas karate belts for kids are durable and colorful, allowing young martial artists to progress in their training.",2879,5,2023-11-21,576.0
1103,2023-11-21,2,3,5504.0,681.0,651.0,661.0,99.0,95.0,95.0,96.0,Champions,159874,2023-08-07,3.0,689.0,39,male,Europe,0,Gray,0.0,summer,"Adidas basketball hoops for kids are sturdy and adjustable, providing hours of fun.",2879,4,2023-08-07,2067.0
1115,2023-09-02,82,2,2534.0,474.0,544.0,570.0,69.0,80.0,79.0,77.0,Champions,928687,2023-09-02,2.0,907.0,22,female,Europe,1,Cyan,0.0,fall,"Adidas NMD collection blends comfort and style, but some models lack arch support.",3796,3,2023-09-02,1814.0
1115,2023-09-02,82,2,2534.0,474.0,544.0,570.0,69.0,80.0,79.0,77.0,Champions,869869,2023-03-07,2.0,360.0,51,female,Europe,1,Blue,0.0,fall,"Adidas soccer gloves for kids provide a secure grip, enhancing the young goalkeeper's performance.",3796,5,2023-03-07,720.0
1119,2023-11-10,13,3,6306.0,648.0,651.0,674.0,94.0,95.0,95.0,95.0,Champions,371894,2023-11-10,3.0,286.0,63,male,Asia,1,Cyan,0.0,spring,"Adidas lacrosse helmets for kids offer reliable protection, meeting safety standards for the sport.",2633,5,2023-11-10,858.0
1119,2023-11-10,13,3,6306.0,648.0,651.0,674.0,94.0,95.0,95.0,95.0,Champions,125308,2022-12-29,3.0,867.0,21,male,Europe,1,Red,0.0,winter,"Adidas swimming caps for kids ensure a snug fit and reduced drag, enhancing their performance in the pool.",2633,5,2022-12-29,2601.0
1119,2023-11-10,13,3,6306.0,648.0,651.0,674.0,94.0,95.0,95.0,95.0,Champions,725394,2023-06-05,3.0,949.0,20,female,Europe,0,Magenta,1.0,spring,"Adidas golf pants are stylish and comfortable, perfect for a day on the golf course.",2633,4,2023-06-05,2847.0
1121,2023-08-24,91,2,2598.0,456.0,544.0,577.0,66.0,80.0,79.0,76.0,Champions,578614,2023-08-24,2.0,886.0,52,female,South America ,0,Olive,1.0,winter,Adidas cricket balls for kids are durable and suitable for aspiring young cricketers.,3079,5,2023-08-24,1772.0
1121,2023-08-24,91,2,2598.0,456.0,544.0,577.0,66.0,80.0,79.0,76.0,Champions,410498,2023-07-11,2.0,413.0,37,female,Europe,1,Cyan,0.0,spring,Adidas lacrosse shooting targets for kids are durable and provide a visual target for improving shot accuracy.,3079,5,2023-07-11,826.0
1124,2023-09-02,82,2,2524.0,474.0,544.0,567.0,69.0,80.0,79.0,77.0,Champions,572460,2023-09-02,2.0,655.0,32,female,Europe,1,Lavender,1.0,winter,"Adidas socks are not only comfortable but also durable, holding up well through numerous wears.",4197,5,2023-09-02,1310.0
1124,2023-09-02,82,2,2524.0,474.0,544.0,567.0,69.0,80.0,79.0,77.0,Champions,695098,2023-03-21,2.0,607.0,50,male,North America,1,Yellow,1.0,winter,"Adidas wrestling headgear for kids offers protection and comfort, ensuring safety during play.",4197,5,2023-03-21,1214.0
1139,2023-10-23,31,3,5013.0,597.0,651.0,654.0,87.0,95.0,95.0,93.0,Champions,849756,2023-01-08,3.0,213.0,54,male,Asia,1,Pink,1.0,winter,Adidas soccer balls for kids are durable and sized appropriately for young players.,2957,5,2023-01-08,639.0
1139,2023-10-23,31,3,5013.0,597.0,651.0,654.0,87.0,95.0,95.0,93.0,Champions,224872,2023-10-23,3.0,851.0,46,female,South America ,0,Olive,1.0,summer,Not the best experience with Adidas; there are better alternatives.,2957,2,2023-10-23,2553.0
1139,2023-10-23,31,3,5013.0,597.0,651.0,654.0,87.0,95.0,95.0,93.0,Champions,484598,2023-05-13,3.0,607.0,43,male,South America ,1,Orange,0.0,fall,The Adidas website is slow and crashes frequently.,2957,1,2023-05-13,1821.0
1148,2023-10-20,34,2,1816.0,592.0,544.0,528.0,86.0,80.0,79.0,81.0,Champions,392242,2023-10-20,2.0,771.0,53,male,South America ,1,Pink,0.0,summer,"Adidas basketball shorts for kids combine style and functionality, meeting the demands of young players.",2351,5,2023-10-20,1542.0
1148,2023-10-20,34,2,1816.0,592.0,544.0,528.0,86.0,80.0,79.0,81.0,Champions,147148,2023-05-19,2.0,137.0,41,female,North America,0,Cyan,0.0,summer,"Adidas soccer gloves for kids offer a secure grip and optimal control, empowering young goalkeepers to make impressive saves.",2351,5,2023-05-19,274.0
1156,2023-08-29,86,2,722.0,468.0,544.0,334.0,68.0,80.0,79.0,76.0,Champions,273423,2023-04-05,2.0,182.0,28,male,Europe,0,Purple,1.0,fall,The Adidas Tiro 19 training pants are breathable and versatile. Great for various activities – a perfect 5 out of 5!,4803,5,2023-04-05,364.0
1156,2023-08-29,86,2,722.0,468.0,544.0,334.0,68.0,80.0,79.0,76.0,Champions,146574,2023-08-29,2.0,179.0,52,male,South America ,1,Red,0.0,spring,"Adidas basketball shorts for kids are designed to meet the dynamic demands of young players, offering both comfort and flexibility on the court.",4803,5,2023-08-29,358.0
1168,2023-05-03,204,3,7113.0,229.0,651.0,683.0,33.0,95.0,95.0,79.0,Champions,427674,2023-01-16,3.0,686.0,63,male,Asia,1,Orange,1.0,summer,Adidas Adizero Adios Pro running shoes provide speed and comfort. Perfect for races – a solid 5 stars!,3006,5,2023-01-16,2058.0
1168,2023-05-03,204,3,7113.0,229.0,651.0,683.0,33.0,95.0,95.0,79.0,Champions,120202,2023-03-09,3.0,886.0,64,male,Asia,0,Blue,1.0,winter,"Adidas swim goggles are durable, though the straps may loosen over time.",3006,3,2023-03-09,2658.0
1168,2023-05-03,204,3,7113.0,229.0,651.0,683.0,33.0,95.0,95.0,79.0,Champions,677878,2023-05-03,3.0,799.0,55,male,Europe,1,Maroon,0.0,winter,"Adidas soccer socks for kids offer comfort and support, keeping young players focused and agile on the field.",3006,5,2023-05-03,2397.0
1184,2023-08-19,96,2,1276.0,446.0,544.0,496.0,65.0,80.0,79.0,76.0,Champions,926790,2023-06-20,2.0,489.0,44,male,Europe,1,Lavender,1.0,summer,"Adidas swim caps are durable, though they may not fit securely for long-haired swimmers.",428,3,2023-06-20,978.0
1184,2023-08-19,96,2,1276.0,446.0,544.0,496.0,65.0,80.0,79.0,76.0,Champions,383560,2023-08-19,2.0,149.0,61,female,Asia,0,Maroon,1.0,spring,The Adidas sneakers I bought are noisy and make a squeaking sound.,542,1,2023-08-19,298.0
1186,2023-11-12,11,2,954.0,652.0,544.0,478.0,95.0,80.0,79.0,83.0,Champions,728691,2022-12-29,2.0,71.0,61,female,Asia,1,mix,0.0,spring,"Adidas volleyball shoes for kids provide comfort and support, enhancing their performance on the court.",2437,5,2022-12-29,142.0
1186,2023-11-12,11,2,954.0,652.0,544.0,478.0,95.0,80.0,79.0,83.0,Champions,170995,2023-11-12,2.0,406.0,43,female,Europe,1,Maroon,0.0,summer,"Adidas golf clubs for kids are designed with precision and durability, perfect for budding golf enthusiasts.",2437,5,2023-11-12,812.0
1199,2023-11-20,3,2,1910.0,677.0,544.0,533.0,98.0,80.0,79.0,84.0,Champions,520046,2023-11-20,2.0,636.0,45,female,Asia,0,Blue,1.0,fall,"The quality of my Adidas tracksuit is exceptional. It feels great, fits perfectly, and earns a solid 5 stars.",3006,5,2023-11-20,1272.0
1199,2023-11-20,3,2,1910.0,677.0,544.0,533.0,98.0,80.0,79.0,84.0,Champions,437311,2023-05-21,2.0,319.0,19,male,South America ,0,Maroon,0.0,summer,"Adidas swim goggles for kids are a must-have for any young swimmer, providing clear vision and comfort during aquatic adventures.",3006,5,2023-05-21,638.0
1205,2023-10-25,29,2,3706.0,601.0,544.0,634.0,87.0,80.0,79.0,81.0,Champions,339071,2023-06-21,2.0,950.0,37,female,North America,0,Green,0.0,fall,"Adidas soccer goals for kids are durable and well-designed, ensuring a reliable setup for games.",6781,5,2023-06-21,1900.0
1205,2023-10-25,29,2,3706.0,601.0,544.0,634.0,87.0,80.0,79.0,81.0,Champions,877527,2023-10-25,2.0,903.0,20,male,South America ,0,Maroon,1.0,spring,"Adidas lacrosse helmets for kids offer reliable protection, meeting safety standards for the sport.",6781,4,2023-10-25,1806.0
1208,2023-09-30,54,2,1618.0,544.0,544.0,516.0,79.0,80.0,79.0,79.0,Champions,595847,2023-03-18,2.0,738.0,57,female,Europe,0,Purple,0.0,winter,"Adidas wrestling shoes offer excellent grip and support, enhancing performance on the mat.",2764,5,2023-03-18,1476.0
1208,2023-09-30,54,2,1618.0,544.0,544.0,516.0,79.0,80.0,79.0,79.0,Champions,518043,2023-09-30,2.0,71.0,44,male,Europe,1,Red,1.0,summer,The Adidas Adicolor Classics backpack is both stylish and functional. Great for daily use – a solid 5 stars!,2764,5,2023-09-30,142.0
1222,2023-09-19,65,2,768.0,512.0,544.0,354.0,74.0,80.0,79.0,78.0,Champions,803541,2022-12-15,2.0,234.0,20,female,Asia,1,Olive,0.0,spring,Adidas lacrosse sticks for kids are lightweight and designed for younger players.,3313,5,2022-12-15,468.0
1222,2023-09-19,65,2,768.0,512.0,544.0,354.0,74.0,80.0,79.0,78.0,Champions,514312,2023-09-19,2.0,150.0,27,male,Asia,1,Orange,1.0,fall,"Adidas wrestling shoes for kids offer reliable grip and support, enhancing performance on the mat.",3313,5,2023-09-19,300.0
1227,2023-10-27,27,2,460.0,608.0,544.0,219.0,88.0,80.0,79.0,81.0,Champions,381093,2023-08-13,2.0,100.0,47,male,Europe,0,Red,1.0,summer,"Adidas ankle socks are comfortable and practical, suitable for various activities.",3055,5,2023-08-13,200.0
1227,2023-10-27,27,2,460.0,608.0,544.0,219.0,88.0,80.0,79.0,81.0,Champions,506996,2023-10-27,2.0,130.0,48,male,Europe,0,Red,0.0,spring,"Adidas volleyball shoes for kids provide comfort and support, enhancing their performance on the court.",3055,5,2023-10-27,260.0
1236,2023-11-01,22,2,1972.0,622.0,544.0,537.0,90.0,80.0,79.0,82.0,Champions,628255,2022-11-28,2.0,740.0,63,female,Asia,0,Brown,1.0,spring,"Adidas wrestling knee pads provide reliable protection, ensuring safety on the mat.",3178,4,2022-11-28,1480.0
1236,2023-11-01,22,2,1972.0,622.0,544.0,537.0,90.0,80.0,79.0,82.0,Champions,998565,2023-11-01,2.0,246.0,63,female,Asia,0,Green,1.0,summer,I've had issues with the stitching on Adidas clothing.,3178,2,2023-11-01,492.0
1237,2023-11-11,12,2,1044.0,650.0,544.0,482.0,95.0,80.0,79.0,83.0,Champions,317661,2023-03-14,2.0,304.0,30,male,South America ,0,Brown,1.0,summer,"Adidas wrestling shoes for kids offer reliable grip and support, enhancing performance on the mat.",5528,5,2023-03-14,608.0
1237,2023-11-11,12,2,1044.0,650.0,544.0,482.0,95.0,80.0,79.0,83.0,Champions,889689,2023-11-11,2.0,218.0,37,female,North America,0,Magenta,1.0,fall,"Adidas taekwondo uniforms for kids are designed for flexibility and ease of movement, supporting young taekwondo practitioners.",5528,5,2023-11-11,436.0
1240,2023-09-14,70,2,2628.0,502.0,544.0,582.0,73.0,80.0,79.0,78.0,Champions,553173,2023-09-14,2.0,594.0,52,female,South America ,0,Orange,0.0,winter,Adidas lacrosse sticks for kids are lightweight and designed for younger players.,2326,5,2023-09-14,1188.0
1240,2023-09-14,70,2,2628.0,502.0,544.0,582.0,73.0,80.0,79.0,78.0,Champions,757664,2022-12-10,2.0,720.0,36,male,North America,1,Brown,1.0,winter,"Adidas lacrosse gloves offer protection and flexibility, ensuring comfort during play.",2326,4,2022-12-10,1440.0
1244,2023-08-21,94,2,1694.0,452.0,544.0,520.0,66.0,80.0,79.0,76.0,Champions,948273,2023-06-17,2.0,542.0,60,male,Europe,1,Orange,1.0,spring,"Adidas tennis rackets for kids provide excellent control and power, supporting their development on the court.",2580,5,2023-06-17,1084.0
1244,2023-08-21,94,2,1694.0,452.0,544.0,520.0,66.0,80.0,79.0,76.0,Champions,529983,2023-08-21,2.0,305.0,26,male,Europe,0,Turquoise,0.0,summer,"Adidas skateboards for kids are durable and well-crafted, ensuring a smooth and safe ride for young skaters.",2580,5,2023-08-21,610.0
1248,2023-11-18,5,2,958.0,670.0,544.0,479.0,97.0,80.0,79.0,84.0,Champions,282297,2023-02-27,2.0,408.0,30,male,North America,1,Red,1.0,spring,Adidas soccer balls for kids are durable and sized appropriately for young players.,6073,5,2023-02-27,816.0
1248,2023-11-18,5,2,958.0,670.0,544.0,479.0,97.0,80.0,79.0,84.0,Champions,456789,2023-11-18,2.0,71.0,23,male,Europe,1,Purple,1.0,spring,"Adidas basketball shorts for kids are a blend of style and functionality, meeting the high-energy demands of young players.",6073,5,2023-11-18,142.0
1256,2023-10-11,43,3,5805.0,568.0,651.0,668.0,82.0,95.0,95.0,92.0,Champions,317111,2023-09-20,3.0,543.0,19,male,South America ,0,Red,1.0,summer,The Adidas sneakers I bought gave me blisters on my feet.,3464,1,2023-09-20,1629.0
1256,2023-10-11,43,3,5805.0,568.0,651.0,668.0,82.0,95.0,95.0,92.0,Champions,745588,2023-04-27,3.0,808.0,65,female,Asia,1,Green,0.0,spring,"Adidas soccer gloves for kids provide a secure grip, enhancing the young goalkeeper's performance.",3464,5,2023-04-27,2424.0
1256,2023-10-11,43,3,5805.0,568.0,651.0,668.0,82.0,95.0,95.0,92.0,Champions,514306,2023-10-11,3.0,584.0,33,male,Europe,1,Gray,0.0,summer,The Adidas customer service hotline was always busy and hard to reach.,3464,1,2023-10-11,1752.0
1266,2023-06-30,146,3,2511.0,347.0,651.0,565.0,50.0,95.0,95.0,84.0,Champions,308423,2023-06-30,3.0,521.0,24,female,Asia,0,Brown,1.0,winter,"Adidas leggings offer a perfect blend of comfort, flexibility, and trendy designs.",3616,4,2023-06-30,1563.0
1266,2023-06-30,146,3,2511.0,347.0,651.0,565.0,50.0,95.0,95.0,84.0,Champions,885051,2023-06-14,3.0,177.0,48,female,Europe,1,Pink,0.0,winter,"Adidas soccer gloves for kids provide a secure grip, enhancing the young goalkeeper's performance.",3616,5,2023-06-14,531.0
1266,2023-06-30,146,3,2511.0,347.0,651.0,565.0,50.0,95.0,95.0,84.0,Champions,497180,2022-12-21,3.0,139.0,28,male,South America ,0,Maroon,0.0,fall,"Adidas soccer cleats for kids are more than just footwear; they're performance enhancers, providing traction and support on the field.",3616,5,2022-12-21,417.0
1274,2023-10-19,35,2,2486.0,590.0,544.0,562.0,86.0,80.0,79.0,81.0,Champions,556996,2023-10-19,2.0,648.0,50,female,South America ,1,Olive,0.0,summer,"Adidas socks are comfortable, but they may wear out quicker than expected.",3292,3,2023-10-19,1296.0
1274,2023-10-19,35,2,2486.0,590.0,544.0,562.0,86.0,80.0,79.0,81.0,Champions,733251,2023-01-26,2.0,595.0,21,female,North America,1,mix,1.0,summer,"Adidas soccer shorts for kids are stylish and comfortable, perfect for young athletes.",3292,5,2023-01-26,1190.0
1285,2023-11-09,14,2,2144.0,644.0,544.0,548.0,94.0,80.0,79.0,83.0,Champions,814283,2023-11-09,2.0,871.0,45,female,Asia,0,Yellow,1.0,summer,"Adidas soccer shorts for kids are stylish and comfortable, perfect for young athletes.",3206,5,2023-11-09,1742.0
1285,2023-11-09,14,2,2144.0,644.0,544.0,548.0,94.0,80.0,79.0,83.0,Champions,891547,2022-11-25,2.0,201.0,65,male,Asia,1,Green,1.0,summer,Adidas lacrosse sticks for kids are lightweight and designed for younger players.,3206,4,2022-11-25,402.0
1286,2023-11-15,8,3,5022.0,662.0,651.0,655.0,96.0,95.0,95.0,95.0,Champions,764855,2023-11-15,3.0,595.0,60,male,Asia,0,Brown,0.0,winter,"The Adidas Yeezy line consistently delivers on both style and exclusivity, capturing attention.",2883,5,2023-11-15,1785.0
1286,2023-11-15,8,3,5022.0,662.0,651.0,655.0,96.0,95.0,95.0,95.0,Champions,401811,2023-10-26,3.0,492.0,28,female,North America,0,Maroon,0.0,spring,"Adidas wrestling headgear provides protection and comfort, ensuring safety on the mat.",2883,4,2023-10-26,1476.0
1286,2023-11-15,8,3,5022.0,662.0,651.0,655.0,96.0,95.0,95.0,95.0,Champions,560373,2023-08-09,3.0,587.0,63,male,North America,0,Olive,1.0,winter,"Adidas basketball hoops are durable and adjustable, providing endless hours of play.",2883,4,2023-08-09,1761.0
1287,2023-11-19,4,3,4149.0,674.0,651.0,639.0,98.0,95.0,95.0,96.0,Champions,770212,2023-05-12,3.0,742.0,32,female,Asia,1,Brown,1.0,summer,"Adidas soccer gloves for kids provide a secure grip, enhancing the young goalkeeper's performance.",5614,5,2023-05-12,2226.0
1287,2023-11-19,4,3,4149.0,674.0,651.0,639.0,98.0,95.0,95.0,96.0,Champions,764298,2023-05-08,3.0,146.0,40,female,North America,1,Yellow,1.0,summer,"Adidas gym towels are absorbent and durable, perfect for workouts and sports activities.",5614,4,2023-05-08,438.0
1287,2023-11-19,4,3,4149.0,674.0,651.0,639.0,98.0,95.0,95.0,96.0,Champions,161045,2023-11-19,3.0,495.0,34,male,North America,1,mix,0.0,summer,"The Adidas Harden basketball shoes have good ankle support, but they can be heavy.",5614,3,2023-11-19,1485.0
1294,2023-11-22,1,3,5982.0,686.0,651.0,670.0,100.0,95.0,95.0,96.0,Champions,147561,2023-06-08,3.0,787.0,56,female,North America,0,Lavender,0.0,summer,"Adidas golf balls perform well, but they may not suit every golfer's preference.",3108,3,2023-06-08,2361.0
1294,2023-11-22,1,3,5982.0,686.0,651.0,670.0,100.0,95.0,95.0,96.0,Champions,153941,2023-11-22,3.0,452.0,22,male,Asia,1,mix,0.0,summer,"Adidas soccer shorts for kids are stylish and comfortable, perfect for young athletes.",3108,4,2023-11-22,1356.0
1294,2023-11-22,1,3,5982.0,686.0,651.0,670.0,100.0,95.0,95.0,96.0,Champions,659459,2023-11-04,3.0,755.0,30,male,Europe,1,Green,0.0,winter,"Adidas basketball jerseys for kids combine style and functionality, meeting the needs of young players.",3108,4,2023-11-04,2265.0
1296,2023-04-08,229,3,5010.0,193.0,651.0,653.0,28.0,95.0,95.0,78.0,Champions,799580,2023-04-07,3.0,336.0,58,male,South America ,0,Gray,1.0,spring,"Aidas soccer cleats for kids provide good traction on the field, ensuring safety and performance.",2523,5,2023-04-07,1008.0
1296,2023-04-08,229,3,5010.0,193.0,651.0,653.0,28.0,95.0,95.0,78.0,Champions,333942,2023-04-08,3.0,906.0,29,male,North America,0,Lavender,0.0,summer,"Adidas basketball referee whistles for kids are lightweight and reliable, making them essential for young referees.",2523,5,2023-04-08,2718.0
1296,2023-04-08,229,3,5010.0,193.0,651.0,653.0,28.0,95.0,95.0,78.0,Champions,333382,2022-12-29,3.0,428.0,64,female,Asia,0,Brown,1.0,spring,"Adidas gym towels are absorbent, but the sizing may be smaller than expected.",2523,3,2022-12-29,1284.0
1323,2023-11-06,17,2,1196.0,638.0,544.0,492.0,93.0,80.0,79.0,83.0,Champions,961942,2023-11-06,2.0,150.0,45,female,South America ,1,Green,1.0,fall,"Adidas referee jerseys are well-designed, ensuring officials look professional on the field.",2813,5,2023-11-06,300.0
1323,2023-11-06,17,2,1196.0,638.0,544.0,492.0,93.0,80.0,79.0,83.0,Champions,619619,2023-05-18,2.0,448.0,46,male,Europe,0,Yellow,0.0,fall,The Adidas sneakers I bought squeak loudly with every step.,2813,1,2023-05-18,896.0
1333,2023-09-20,64,2,1664.0,515.0,544.0,517.0,75.0,80.0,79.0,78.0,Champions,144154,2023-09-20,2.0,402.0,31,female,North America,1,Maroon,1.0,summer,My Adidas NMDs are both stylish and comfortable. A solid 5 out of 5!,6278,5,2023-09-20,804.0
1333,2023-09-20,64,2,1664.0,515.0,544.0,517.0,75.0,80.0,79.0,78.0,Champions,243760,2023-01-02,2.0,430.0,49,female,Europe,1,Olive,1.0,winter,"My Adidas order was canceled without explanation, and I had to reorder.",6278,1,2023-01-02,860.0
1338,2023-08-29,86,2,312.0,468.0,544.0,144.0,68.0,80.0,79.0,76.0,Champions,874070,2022-12-02,2.0,71.0,25,male,North America,0,Purple,1.0,spring,"The Adidas Climacool t-shirt keeps me cool during workouts. Lightweight, breathable, and stylish. A solid 5 out of 5!",4161,5,2022-12-02,142.0
1338,2023-08-29,86,2,312.0,468.0,544.0,144.0,68.0,80.0,79.0,76.0,Champions,455131,2023-08-29,2.0,85.0,44,female,Europe,1,Olive,0.0,fall,Adidas lacrosse sticks for kids are lightweight and designed for younger players.,4161,4,2023-08-29,170.0
1348,2023-11-10,13,2,2530.0,648.0,544.0,569.0,94.0,80.0,79.0,83.0,Champions,521088,2023-11-10,2.0,453.0,44,female,Europe,1,Purple,0.0,fall,"The durability of Adidas bags is good, though some may lack extra compartments.",2928,3,2023-11-10,906.0
1348,2023-11-10,13,2,2530.0,648.0,544.0,569.0,94.0,80.0,79.0,83.0,Champions,560304,2023-11-09,2.0,812.0,24,male,Asia,0,Green,0.0,spring,Adidas wrestling mats for kids provide a safe and cushioned surface for young wrestlers to practice on.,2928,5,2023-11-09,1624.0
1354,2023-09-20,64,2,2802.0,515.0,544.0,593.0,75.0,80.0,79.0,78.0,Champions,358219,2023-05-17,2.0,926.0,64,male,Asia,0,Orange,0.0,spring,"The Adidas store had a disorganized layout, making it hard to find items.",3034,1,2023-05-17,1852.0
1354,2023-09-20,64,2,2802.0,515.0,544.0,593.0,75.0,80.0,79.0,78.0,Champions,671581,2023-09-20,2.0,475.0,51,female,North America,1,Lavender,1.0,fall,"Adidas soccer gloves for kids provide a secure grip, enhancing the young goalkeeper's performance and confidence on the field.",3034,5,2023-09-20,950.0
1361,2023-10-31,23,2,1578.0,618.0,544.0,512.0,90.0,80.0,79.0,82.0,Champions,647319,2022-12-06,2.0,486.0,61,female,Asia,1,Green,1.0,fall,Adidas soccer goal nets for kids are durable and suitable for both practice and competitive play.,2740,5,2022-12-06,972.0
1361,2023-10-31,23,2,1578.0,618.0,544.0,512.0,90.0,80.0,79.0,82.0,Champions,295909,2023-10-31,2.0,303.0,55,male,Asia,0,Olive,0.0,fall,"Adidas soccer gloves for kids provide a secure grip, enhancing the young goalkeeper's performance.",2740,5,2023-10-31,606.0
1368,2023-08-25,90,2,3022.0,458.0,544.0,610.0,67.0,80.0,79.0,76.0,Champions,993914,2023-08-25,2.0,645.0,38,female,Europe,1,Cyan,0.0,spring,The Adidas Badge of Sport sweatshirt is cozy and stylish. Great for casual outings – a perfect 5 out of 5!,6568,5,2023-08-25,1290.0
1368,2023-08-25,90,2,3022.0,458.0,544.0,610.0,67.0,80.0,79.0,76.0,Champions,884469,2023-05-12,2.0,866.0,35,male,South America ,0,Cyan,1.0,winter,The Adidas sneakers I bought are poorly constructed.,6568,1,2023-05-12,1732.0
1375,2023-11-08,15,3,5547.0,642.0,651.0,664.0,93.0,95.0,95.0,94.0,Champions,632571,2023-10-13,3.0,943.0,64,male,South America ,1,Gray,0.0,winter,"Adidas basketballs provide a reliable and consistent performance, meeting high standards.",2465,5,2023-10-13,2829.0
1375,2023-11-08,15,3,5547.0,642.0,651.0,664.0,93.0,95.0,95.0,94.0,Champions,153755,2023-11-08,3.0,427.0,37,male,Asia,0,Brown,0.0,fall,"Adidas basketball jerseys for kids combine style and functionality, meeting the needs of young players.",2465,5,2023-11-08,1281.0
1375,2023-11-08,15,3,5547.0,642.0,651.0,664.0,93.0,95.0,95.0,94.0,Champions,797853,2023-06-02,3.0,479.0,45,female,Europe,0,Green,1.0,winter,"Adidas soccer goals for kids are built to endure countless matches, providing a reliable setup for aspiring soccer stars.",2465,5,2023-06-02,1437.0
1378,2023-10-27,27,4,4749.0,608.0,684.0,650.0,88.0,100.0,99.0,97.0,Champions,460501,2023-10-27,3.0,71.0,50,male,North America,0,Turquoise,0.0,winter,"Adidas backpacks are both fashionable and functional, providing ample space and durability.",3108,5,2023-10-27,213.0
1378,2023-10-27,27,4,4749.0,608.0,684.0,650.0,88.0,100.0,99.0,97.0,Champions,780513,2023-03-02,3.0,885.0,44,male,Europe,0,Maroon,0.0,summer,The Adidas Ultraboost 22 shoes are a step above the rest. Unparalleled comfort – a perfect 5 out of 5!,3108,5,2023-03-02,2655.0
1378,2023-10-27,27,4,4749.0,608.0,684.0,650.0,88.0,100.0,99.0,97.0,Champions,847391,2023-09-16,3.0,71.0,20,male,South America ,0,Maroon,1.0,summer,"Adidas cycling shorts provide comfort and flexibility, making them suitable for long rides.",3108,4,2023-09-16,213.0
1378,2023-10-27,27,4,4749.0,608.0,684.0,650.0,88.0,100.0,99.0,97.0,Champions,410424,2023-09-20,3.0,556.0,57,female,South America ,0,Purple,1.0,winter,"Adidas soccer shorts for kids are stylish and comfortable, perfect for young athletes.",3108,4,2023-09-20,1668.0
1388,2023-10-04,50,2,1702.0,553.0,544.0,521.0,80.0,80.0,79.0,80.0,Champions,486883,2023-01-27,2.0,449.0,35,male,Asia,1,Olive,0.0,winter,Adidas lacrosse sticks for kids are lightweight and designed for younger players.,3567,5,2023-01-27,898.0
1388,2023-10-04,50,2,1702.0,553.0,544.0,521.0,80.0,80.0,79.0,80.0,Champions,294746,2023-10-04,2.0,402.0,50,male,South America ,1,Blue,1.0,spring,"I ordered a specific Adidas model, but they sent me the wrong one.",3567,1,2023-10-04,804.0
1389,2023-05-14,193,3,4716.0,248.0,651.0,649.0,36.0,95.0,95.0,80.0,Champions,568854,2023-05-14,3.0,375.0,56,male,Asia,0,Yellow,0.0,fall,"Adidas basketball jerseys for kids are a perfect blend of style and practicality, meeting the unique needs of young players.",2838,5,2023-05-14,1125.0
1389,2023-05-14,193,3,4716.0,248.0,651.0,649.0,36.0,95.0,95.0,80.0,Champions,557354,2023-05-07,3.0,529.0,28,female,Asia,0,Green,1.0,spring,"Adidas lacrosse sticks for kids are designed with precision, providing young players with the tools to excel in the game.",2838,5,2023-05-07,1587.0
1389,2023-05-14,193,3,4716.0,248.0,651.0,649.0,36.0,95.0,95.0,80.0,Champions,670071,2022-12-13,3.0,668.0,33,male,Europe,1,Magenta,0.0,fall,Adidas soccer balls for kids are durable and sized appropriately for young players.,2838,5,2022-12-13,2004.0
1395,2023-05-01,206,3,6623.0,226.0,651.0,677.0,33.0,95.0,95.0,79.0,Champions,864804,2023-05-01,3.0,619.0,26,female,North America,1,Olive,0.0,summer,"The comfort of Adidas shoes is great, but they may not be suitable for wide feet.",6761,3,2023-05-01,1857.0
1395,2023-05-01,206,3,6623.0,226.0,651.0,677.0,33.0,95.0,95.0,79.0,Champions,186929,2022-12-02,3.0,953.75,22,male,North America,0,Pink,1.0,summer,Adidas cricket bats for kids are well-crafted and suitable for aspiring young cricketers.,6761,5,2022-12-02,2861.25
1395,2023-05-01,206,3,6623.0,226.0,651.0,677.0,33.0,95.0,95.0,79.0,Champions,565395,2022-11-28,3.0,635.0,46,male,Asia,1,Gray,1.0,summer,"Adidas judo uniforms for kids are durable and comfortable, allowing young judokas to focus on their training.",6761,5,2022-11-28,1905.0
1414,2023-08-10,105,3,4344.0,419.0,651.0,641.0,61.0,95.0,95.0,86.0,Champions,194695,2023-05-08,3.0,115.0,61,female,Asia,1,Turquoise,0.0,summer,"Adidas gym towels are absorbent and durable, perfect for workouts and sports activities.",2355,5,2023-05-08,345.0
1414,2023-08-10,105,3,4344.0,419.0,651.0,641.0,61.0,95.0,95.0,86.0,Champions,640876,2023-08-10,3.0,827.0,37,male,South America ,1,Gray,0.0,fall,"Adidas swim goggles for kids make swimming enjoyable and safe, offering clear vision and optimal comfort.",2355,5,2023-08-10,2481.0
1414,2023-08-10,105,3,4344.0,419.0,651.0,641.0,61.0,95.0,95.0,86.0,Champions,873986,2023-07-23,3.0,506.0,58,male,Asia,1,Pink,0.0,winter,"Adidas wrestling shoes for kids offer reliable grip and support, enhancing performance on the mat.",2355,5,2023-07-23,1518.0
1417,2023-09-26,58,3,4440.0,535.0,651.0,646.0,78.0,95.0,95.0,91.0,Champions,143610,2023-03-19,3.0,447.0,28,male,North America,1,Orange,1.0,winter,"Adidas gymnastics leotards for kids combine flexibility and style, allowing young gymnasts to shine in their performances.",5098,5,2023-03-19,1341.0
1417,2023-09-26,58,3,4440.0,535.0,651.0,646.0,78.0,95.0,95.0,91.0,Champions,572014,2023-09-26,3.0,198.0,49,female,North America,1,Lavender,0.0,spring,"Adidas soccer gloves provide a secure grip, enhancing the goalkeeper's performance.",5098,4,2023-09-26,594.0
1417,2023-09-26,58,3,4440.0,535.0,651.0,646.0,78.0,95.0,95.0,91.0,Champions,648420,2023-06-12,3.0,835.0,33,female,North America,1,Turquoise,1.0,summer,The design of Adidas products is often too plain for my liking.,5098,2,2023-06-12,2505.0
1421,2023-08-20,95,2,2589.0,449.0,544.0,576.0,65.0,80.0,79.0,76.0,Champions,764524,2023-08-20,3.0,782.0,38,female,South America ,1,Yellow,1.0,winter,"Adidas volleyball shoes combine comfort and performance, enhancing agility on the court.",1062,4,2023-08-20,2346.0
1421,2023-08-20,95,2,2589.0,449.0,544.0,576.0,65.0,80.0,79.0,76.0,Champions,834937,2023-06-24,3.0,81.0,37,female,Europe,1,Gray,0.0,spring,"Adidas swim goggles for kids offer clear vision and comfort, making swimming enjoyable and safe.",1020,5,2023-06-24,243.0
1443,2023-06-15,161,3,4358.0,316.0,651.0,643.0,46.0,95.0,95.0,83.0,Champions,106165,2023-03-31,3.0,306.0,34,male,South America ,0,Purple,1.0,summer,"The Adidas Ultra Boost series offers excellent cushioning, but they're on the expensive side.",4746,3,2023-03-31,918.0
1443,2023-06-15,161,3,4358.0,316.0,651.0,643.0,46.0,95.0,95.0,83.0,Champions,351113,2023-06-15,3.0,193.0,55,female,South America ,0,Magenta,0.0,fall,Impressed with the ventilation in my Adidas Own the Run running shorts. Perfect for hot weather – 5 out of 5!,4746,5,2023-06-15,579.0
1443,2023-06-15,161,3,4358.0,316.0,651.0,643.0,46.0,95.0,95.0,83.0,Champions,913891,2022-12-07,3.0,953.75,47,male,Asia,1,Lavender,0.0,summer,"Adidas referee jerseys have a professional look, but the sizing may run small.",4746,3,2022-12-07,2861.25
1456,2023-11-18,5,2,2548.0,670.0,544.0,571.0,97.0,80.0,79.0,84.0,Champions,284269,2023-08-03,2.0,644.0,48,male,North America,1,Maroon,1.0,summer,"Adidas volleyball shoes for kids provide comfort and support, enhancing their performance on the court.",3084,5,2023-08-03,1288.0
1456,2023-11-18,5,2,2548.0,670.0,544.0,571.0,97.0,80.0,79.0,84.0,Champions,468527,2023-11-18,2.0,630.0,28,female,Asia,1,Magenta,0.0,fall,Not the best value for money when it comes to Adidas.,3084,2,2023-11-18,1260.0
1460,2023-10-15,39,2,1130.0,574.0,544.0,488.0,84.0,80.0,79.0,80.0,Champions,648779,2023-05-17,2.0,254.0,52,male,South America ,1,Orange,0.0,summer,"Adidas, your return process is overly complicated and time-consuming.",3256,1,2023-05-17,508.0
1460,2023-10-15,39,2,1130.0,574.0,544.0,488.0,84.0,80.0,79.0,80.0,Champions,321595,2023-10-15,2.0,311.0,30,male,North America,0,Pink,1.0,winter,"Adidas wrestling shoes for kids offer reliable grip and support, enhancing performance on the mat.",3256,5,2023-10-15,622.0
1467,2023-09-09,75,3,6390.0,491.0,651.0,675.0,71.0,95.0,95.0,89.0,Champions,931918,2023-02-25,3.0,855.0,32,female,South America ,0,Pink,1.0,winter,"Adidas soccer goals for kids are durable and well-designed, ensuring a reliable setup for games.",3640,5,2023-02-25,2565.0
1467,2023-09-09,75,3,6390.0,491.0,651.0,675.0,71.0,95.0,95.0,89.0,Champions,568316,2022-12-19,3.0,763.0,58,male,South America ,1,Olive,1.0,spring,"Adidas basketballs are durable and well-balanced, ensuring a great playing experience.",3640,4,2022-12-19,2289.0
1467,2023-09-09,75,3,6390.0,491.0,651.0,675.0,71.0,95.0,95.0,89.0,Champions,166908,2023-09-09,3.0,512.0,55,male,Asia,1,Green,0.0,summer,"Adidas lacrosse sticks for kids offer a perfect balance of strength and control, allowing young players to excel in the game.",3640,5,2023-09-09,1536.0
1470,2023-11-11,12,2,3196.0,650.0,544.0,617.0,95.0,80.0,79.0,83.0,Champions,391023,2023-09-06,2.0,722.0,20,female,South America ,0,Olive,0.0,winter,"Adidas running jackets for kids offer protection from the elements, allowing them to stay active in various weather conditions.",3415,5,2023-09-06,1444.0
1470,2023-11-11,12,2,3196.0,650.0,544.0,617.0,95.0,80.0,79.0,83.0,Champions,697796,2023-11-11,2.0,876.0,38,female,South America ,1,mix,0.0,spring,Adidas basketballs for kids are well-constructed and suitable for junior players.,3415,5,2023-11-11,1752.0
1472,2023-11-17,6,2,396.0,668.0,544.0,189.0,97.0,80.0,79.0,84.0,Champions,391493,2023-11-17,2.0,127.0,52,male,South America ,0,Olive,1.0,summer,"Adidas workout headbands are comfortable and functional, keeping sweat at bay during exercise.",2326,5,2023-11-17,254.0
1472,2023-11-17,6,2,396.0,668.0,544.0,189.0,97.0,80.0,79.0,84.0,Champions,867823,2023-02-21,2.0,71.0,51,female,North America,0,Green,0.0,summer,"Overall, my experience with Adidas has been underwhelming.",2326,2,2023-02-21,142.0
1476,2023-10-22,32,3,8342.0,594.0,651.0,687.0,86.0,95.0,95.0,93.0,Champions,703298,2023-07-13,3.0,953.75,36,male,North America,1,Blue,1.0,fall,"Adidas tracksuits are not only stylish but also durable, standing the test of time.",5991,4,2023-07-13,2861.25
1476,2023-10-22,32,3,8342.0,594.0,651.0,687.0,86.0,95.0,95.0,93.0,Champions,127621,2023-05-23,3.0,873.0,63,male,Europe,1,Red,1.0,winter,Adidas soccer balls for kids are durable and sized appropriately for young players.,5991,5,2023-05-23,2619.0
1476,2023-10-22,32,3,8342.0,594.0,651.0,687.0,86.0,95.0,95.0,93.0,Champions,951072,2023-10-22,3.0,953.75,49,female,Asia,1,Gray,1.0,fall,"Adidas lacrosse sticks for kids are designed with precision, providing young players with the tools to excel in the game.",5991,5,2023-10-22,2861.25
1489,2023-10-02,52,3,1983.0,548.0,651.0,538.0,80.0,95.0,95.0,91.0,Champions,812620,2023-10-02,3.0,71.0,37,female,Europe,1,Green,1.0,spring,"My Adidas shoes fell apart, and the warranty didn't cover it.",6683,1,2023-10-02,213.0
1489,2023-10-02,52,3,1983.0,548.0,651.0,538.0,80.0,95.0,95.0,91.0,Champions,835176,2023-08-29,3.0,225.0,47,female,North America,1,Orange,1.0,spring,"Adidas wrestling shoes offer excellent grip and support, enhancing performance on the mat.",6683,4,2023-08-29,675.0
1489,2023-10-02,52,3,1983.0,548.0,651.0,538.0,80.0,95.0,95.0,91.0,Champions,409774,2023-06-24,3.0,365.0,57,female,Asia,1,Olive,1.0,spring,"Adidas lacrosse sticks for kids are designed to ignite a love for the sport, providing a lightweight and maneuverable option for young players.",6683,5,2023-06-24,1095.0
1490,2023-10-25,29,4,6783.0,601.0,684.0,679.0,87.0,100.0,99.0,97.0,Champions,163282,2023-08-25,3.0,591.0,42,female,Asia,0,Turquoise,0.0,winter,Adidas could improve on the comfort of its footwear.,2940,2,2023-08-25,1773.0
1490,2023-10-25,29,4,6783.0,601.0,684.0,679.0,87.0,100.0,99.0,97.0,Champions,766726,2022-12-28,3.0,552.0,28,male,Europe,1,Red,0.0,spring,"Adidas triathlon suits for kids combine comfort and functionality, supporting young triathletes in their competitions.",2940,5,2022-12-28,1656.0
1490,2023-10-25,29,4,6783.0,601.0,684.0,679.0,87.0,100.0,99.0,97.0,Champions,310691,2023-10-25,3.0,229.0,45,female,North America,0,Orange,0.0,winter,"Adidas soccer cleats for kids provide good traction on the field, ensuring safety and performance.",2940,5,2023-10-25,687.0
1490,2023-10-25,29,4,6783.0,601.0,684.0,679.0,87.0,100.0,99.0,97.0,Champions,513674,2023-02-19,3.0,889.0,26,female,South America ,1,Magenta,1.0,summer,Adidas basketball hoops for kids are not just recreational; they inspire budding athletes to develop their skills and passion for the game.,2940,5,2023-02-19,2667.0
1502,2023-08-18,97,3,6651.0,444.0,651.0,678.0,65.0,95.0,95.0,87.0,Champions,557149,2023-07-12,3.0,518.0,34,female,Asia,1,Brown,1.0,spring,"Adidas basketball hoops for kids are sturdy and adjustable, providing hours of fun.",4505,5,2023-07-12,1554.0
1502,2023-08-18,97,3,6651.0,444.0,651.0,678.0,65.0,95.0,95.0,87.0,Champions,106197,2023-04-19,3.0,868.0,42,male,South America ,0,Red,0.0,summer,"Adidas golf balls offer consistent performance, meeting the standards of avid golfers.",4505,4,2023-04-19,2604.0
1502,2023-08-18,97,3,6651.0,444.0,651.0,678.0,65.0,95.0,95.0,87.0,Champions,400860,2023-08-18,3.0,831.0,36,male,South America ,1,Purple,0.0,fall,"Adidas cycling jerseys are breathable and stylish, enhancing the cycling experience.",4505,4,2023-08-18,2493.0
1506,2023-08-14,101,3,7022.0,434.0,651.0,681.0,63.0,95.0,95.0,87.0,Champions,393458,2023-08-14,3.0,634.0,53,female,North America,0,Orange,0.0,fall,"Adidas, your products used to be better; now, they're just disappointing.",3198,1,2023-08-14,1902.0
1506,2023-08-14,101,3,7022.0,434.0,651.0,681.0,63.0,95.0,95.0,87.0,Champions,760709,2023-02-18,3.0,753.0,57,male,Asia,1,Red,1.0,winter,Impressed with the fit of my Adidas Own the Run 3-Stripes PB Tee. Perfect for running – 5 out of 5!,3198,5,2023-02-18,2259.0
1506,2023-08-14,101,3,7022.0,434.0,651.0,681.0,63.0,95.0,95.0,87.0,Champions,756235,2023-06-25,3.0,953.75,53,female,North America,1,Turquoise,1.0,winter,"Adidas soccer gloves for kids provide a secure grip, enhancing the young goalkeeper's performance.",3198,4,2023-06-25,2861.25
1527,2023-09-24,60,3,5493.0,529.0,651.0,660.0,77.0,95.0,95.0,90.0,Champions,861844,2023-04-20,3.0,71.0,45,male,Europe,0,Green,0.0,fall,"Adidas gymnastics mats for kids offer cushioning and support, ensuring a safe environment for gymnastics practice.",3055,5,2023-04-20,213.0
1527,2023-09-24,60,3,5493.0,529.0,651.0,660.0,77.0,95.0,95.0,90.0,Champions,286975,2023-08-13,3.0,926.0,20,male,North America,1,Lavender,0.0,spring,The Adidas sneakers I bought are poorly constructed.,3055,1,2023-08-13,2778.0
1527,2023-09-24,60,3,5493.0,529.0,651.0,660.0,77.0,95.0,95.0,90.0,Champions,743346,2023-09-24,3.0,834.0,62,male,South America ,1,Green,1.0,fall,Adidas lacrosse sticks for kids are lightweight and designed for younger players.,3055,5,2023-09-24,2502.0
1528,2023-11-19,4,2,1154.0,674.0,544.0,489.0,98.0,80.0,79.0,84.0,Champions,222227,2023-01-20,2.0,140.0,26,male,Asia,1,Pink,0.0,winter,"Adidas compression socks provide support and comfort, making them ideal for athletes.",5794,4,2023-01-20,280.0
1528,2023-11-19,4,2,1154.0,674.0,544.0,489.0,98.0,80.0,79.0,84.0,Champions,442439,2023-11-19,2.0,437.0,22,male,North America,0,Orange,1.0,winter,"Adidas swim goggles for kids offer clear vision and comfort, making swimming enjoyable and safe.",5794,5,2023-11-19,874.0
1533,2023-03-30,238,3,3615.0,176.0,651.0,630.0,26.0,95.0,95.0,78.0,Champions,361359,2023-03-30,3.0,304.0,24,male,Asia,0,Magenta,0.0,spring,"Absolutely thrilled with my Adidas Ultraboost sneakers! The comfort is unmatched, and they look sleek.",4758,5,2023-03-30,912.0
1533,2023-03-30,238,3,3615.0,176.0,651.0,630.0,26.0,95.0,95.0,78.0,Champions,495466,2023-02-01,3.0,784.0,56,female,South America ,1,Green,1.0,fall,"Adidas basketball shorts combine style and functionality, meeting the needs of basketball players.",4758,4,2023-02-01,2352.0
1533,2023-03-30,238,3,3615.0,176.0,651.0,630.0,26.0,95.0,95.0,78.0,Champions,955717,2023-02-13,3.0,117.0,36,female,Europe,1,Olive,1.0,fall,"Adidas basketball shorts for kids strike the right balance between style and functionality, meeting the demands of energetic young players.",4758,5,2023-02-13,351.0
1536,2023-06-14,162,3,5025.0,312.0,651.0,656.0,45.0,95.0,95.0,82.0,Champions,856742,2023-06-14,3.0,594.0,36,female,South America ,0,Pink,0.0,summer,My Adidas Ultraboost S&L sneakers are stylish and provide excellent cushioning. A solid 5 stars!,5901,5,2023-06-14,1782.0
1536,2023-06-14,162,3,5025.0,312.0,651.0,656.0,45.0,95.0,95.0,82.0,Champions,481302,2023-03-03,3.0,655.0,33,female,Europe,1,Green,0.0,winter,"Adidas lacrosse sticks for kids provide a perfect balance of strength and control, allowing young players to excel in the game.",5901,5,2023-03-03,1965.0
1536,2023-06-14,162,3,5025.0,312.0,651.0,656.0,45.0,95.0,95.0,82.0,Champions,416855,2022-12-07,3.0,426.0,47,female,Asia,1,Olive,0.0,summer,Adidas basketballs for kids are durable and suitable for junior players.,5901,5,2022-12-07,1278.0
1543,2023-09-05,79,3,4356.0,480.0,651.0,642.0,70.0,95.0,95.0,89.0,Champions,824017,2023-07-31,3.0,174.0,20,female,South America ,0,Red,0.0,winter,"Adidas basketball shooting sleeves for kids provide compression and support, aiding in muscle recovery and performance.",3473,5,2023-07-31,522.0
1543,2023-09-05,79,3,4356.0,480.0,651.0,642.0,70.0,95.0,95.0,89.0,Champions,478982,2023-09-05,3.0,882.0,44,male,South America ,1,Olive,1.0,fall,The Adidas logo on my bag started peeling off after a short time.,3473,1,2023-09-05,2646.0
1543,2023-09-05,79,3,4356.0,480.0,651.0,642.0,70.0,95.0,95.0,89.0,Champions,219804,2023-04-13,3.0,396.0,63,female,North America,0,Maroon,1.0,fall,"Adidas basketball shooting targets for kids are portable and easy to set up, helping young players improve their shooting accuracy.",3473,5,2023-04-13,1188.0
1546,2023-09-18,66,2,2390.0,508.0,544.0,557.0,74.0,80.0,79.0,78.0,Champions,763842,2023-09-18,2.0,503.0,18,female,North America,1,Yellow,1.0,fall,"Adidas weightlifting belts provide essential support, promoting proper lifting technique.",4017,5,2023-09-18,1006.0
1546,2023-09-18,66,2,2390.0,508.0,544.0,557.0,74.0,80.0,79.0,78.0,Champions,852433,2023-01-17,2.0,692.0,60,male,Europe,0,Orange,1.0,spring,Adidas track pants for kids offer a comfortable and stylish option for casual wear or sports activities.,4017,5,2023-01-17,1384.0
1561,2023-09-05,79,2,2778.0,480.0,544.0,591.0,70.0,80.0,79.0,77.0,Champions,337017,2023-09-05,2.0,492.0,53,male,Asia,1,Yellow,0.0,summer,"Adidas slides offer comfort and convenience, making them perfect for casual wear.",2805,4,2023-09-05,984.0
1561,2023-09-05,79,2,2778.0,480.0,544.0,591.0,70.0,80.0,79.0,77.0,Champions,104981,2023-02-21,2.0,897.0,61,female,South America ,0,Gray,1.0,fall,"Adidas wrestling shoes offer good grip, but they may run narrow for some users.",2805,3,2023-02-21,1794.0
1570,2023-09-21,63,3,3495.0,518.0,651.0,626.0,75.0,95.0,95.0,90.0,Champions,520918,2022-12-11,3.0,218.0,42,female,North America,0,Pink,1.0,fall,"Adidas basketballs are reliable for both indoor and outdoor play, showcasing durability.",2998,4,2022-12-11,654.0
1570,2023-09-21,63,3,3495.0,518.0,651.0,626.0,75.0,95.0,95.0,90.0,Champions,108997,2023-09-21,3.0,516.0,52,female,Asia,0,Purple,1.0,spring,Adidas lacks the wow factor in its product range.,2998,2,2023-09-21,1548.0
1570,2023-09-21,63,3,3495.0,518.0,651.0,626.0,75.0,95.0,95.0,90.0,Champions,601599,2023-05-10,3.0,431.0,57,female,South America ,1,mix,1.0,summer,"Adidas basketball dribble goggles for kids improve ball-handling skills, enhancing their performance on the court.",2998,5,2023-05-10,1293.0
1573,2023-07-24,122,3,3957.0,395.0,651.0,638.0,57.0,95.0,95.0,85.0,Champions,195236,2023-07-24,3.0,277.0,33,male,Asia,1,Orange,0.0,fall,"Adidas skate helmets for kids provide reliable protection, ensuring safety during skateboarding sessions.",4734,5,2023-07-24,831.0
1573,2023-07-24,122,3,3957.0,395.0,651.0,638.0,57.0,95.0,95.0,85.0,Champions,985016,2023-04-27,3.0,115.0,49,male,Asia,0,Lavender,0.0,winter,Adidas basketballs for kids are well-constructed and suitable for junior players.,4734,4,2023-04-27,345.0
1573,2023-07-24,122,3,3957.0,395.0,651.0,638.0,57.0,95.0,95.0,85.0,Champions,830285,2023-01-08,3.0,927.0,41,male,North America,1,Blue,0.0,spring,"Adidas referee flags are visible on the field, but the handles may feel flimsy.",4734,3,2023-01-08,2781.0
1586,2023-08-27,88,2,1506.0,462.0,544.0,508.0,67.0,80.0,79.0,76.0,Champions,169282,2023-08-27,2.0,571.0,45,male,Asia,0,Orange,0.0,summer,"Adidas hoodies are comfortable, but the sizing may shrink after washing.",3153,3,2023-08-27,1142.0
1586,2023-08-27,88,2,1506.0,462.0,544.0,508.0,67.0,80.0,79.0,76.0,Champions,657174,2023-03-14,2.0,182.0,55,male,Asia,1,Pink,0.0,fall,"Adidas wrestling singlets for kids offer a comfortable fit, allowing for ease of movement.",3153,4,2023-03-14,364.0
1592,2023-10-23,31,4,7781.0,597.0,684.0,686.0,87.0,100.0,99.0,96.0,Champions,962849,2023-06-07,3.0,376.0,37,male,North America,0,mix,1.0,fall,"The variety of Adidas designs caters to diverse tastes, ensuring a product for everyone.",5905,5,2023-06-07,1128.0
1592,2023-10-23,31,4,7781.0,597.0,684.0,686.0,87.0,100.0,99.0,96.0,Champions,184059,2023-09-17,3.0,953.75,63,female,South America ,0,Olive,1.0,winter,The Adidas Yeezy line consistently delivers on both style and exclusivity.,5905,4,2023-09-17,2861.25
1592,2023-10-23,31,4,7781.0,597.0,684.0,686.0,87.0,100.0,99.0,96.0,Champions,688144,2023-10-23,3.0,529.0,38,female,South America ,0,Cyan,0.0,fall,"Adidas volleyball balls have a reliable and consistent performance, meeting game standards.",5905,4,2023-10-23,1587.0
1592,2023-10-23,31,4,7781.0,597.0,684.0,686.0,87.0,100.0,99.0,96.0,Champions,746397,2023-03-27,3.0,735.0,65,male,South America ,1,Green,0.0,spring,"Adidas soccer cleats for kids provide good traction on the field, ensuring safety and performance.",5905,5,2023-03-27,2205.0
1610,2023-10-18,36,3,5520.0,585.0,651.0,662.0,85.0,95.0,95.0,92.0,Champions,799352,2023-10-18,3.0,76.0,62,female,North America,0,Yellow,0.0,summer,The performance of Adidas sportswear is average at best.,2666,2,2023-10-18,228.0
1610,2023-10-18,36,3,5520.0,585.0,651.0,662.0,85.0,95.0,95.0,92.0,Champions,269413,2023-02-27,3.0,854.0,53,female,Europe,1,Yellow,1.0,winter,I experienced delays and confusion with the Adidas shipping process.,2666,1,2023-02-27,2562.0
1610,2023-10-18,36,3,5520.0,585.0,651.0,662.0,85.0,95.0,95.0,92.0,Champions,712782,2023-08-05,3.0,910.0,19,female,North America,0,Cyan,0.0,fall,"Adidas soccer referee jerseys for kids are lightweight and breathable, ensuring comfort during officiating duties.",2666,5,2023-08-05,2730.0
1618,2023-10-18,36,2,1170.0,585.0,544.0,490.0,85.0,80.0,79.0,81.0,Champions,143045,2022-12-28,2.0,270.0,59,female,North America,1,Green,1.0,winter,"Adidas soccer shorts for kids are stylish and comfortable, perfect for young athletes.",2576,5,2022-12-28,540.0
1618,2023-10-18,36,2,1170.0,585.0,544.0,490.0,85.0,80.0,79.0,81.0,Champions,294675,2023-10-18,2.0,315.0,56,male,Asia,0,Red,1.0,summer,Adidas basketballs for kids are well-constructed and suitable for junior players.,2576,5,2023-10-18,630.0
1662,2023-10-07,47,2,2882.0,558.0,544.0,598.0,81.0,80.0,79.0,80.0,Champions,367248,2023-07-19,2.0,626.0,61,female,Asia,1,Blue,0.0,fall,Adidas basketballs for kids are well-constructed and suitable for junior players.,2678,5,2023-07-19,1252.0
1662,2023-10-07,47,2,2882.0,558.0,544.0,598.0,81.0,80.0,79.0,80.0,Champions,709001,2023-10-07,2.0,815.0,52,female,North America,1,Pink,0.0,summer,"Adidas soccer cleats for kids provide good traction on the field, ensuring safety and performance.",2678,5,2023-10-07,1630.0
1668,2023-10-22,32,2,2840.0,594.0,544.0,595.0,86.0,80.0,79.0,81.0,Champions,188119,2023-10-22,2.0,491.0,22,female,Asia,1,Purple,0.0,summer,"Adidas volleyball shoes for kids provide comfort and support, enhancing their performance on the court.",3726,5,2023-10-22,982.0
1668,2023-10-22,32,2,2840.0,594.0,544.0,595.0,86.0,80.0,79.0,81.0,Champions,868846,2023-05-03,2.0,929.0,62,male,North America,0,Olive,1.0,fall,Adidas basketball jerseys for kids meet the needs of young players by combining style and functionality seamlessly.,3726,5,2023-05-03,1858.0
1714,2023-10-02,52,3,6213.0,548.0,651.0,672.0,80.0,95.0,95.0,91.0,Champions,520864,2023-01-02,3.0,928.0,51,female,North America,1,Brown,1.0,summer,Adidas basketball headbands for kids keep sweat at bay and add a touch of style to their on-court look.,2576,5,2023-01-02,2784.0
1714,2023-10-02,52,3,6213.0,548.0,651.0,672.0,80.0,95.0,95.0,91.0,Champions,191978,2023-05-28,3.0,419.0,62,female,North America,0,mix,1.0,spring,"Adidas soccer training cones for kids come in bright colors, aiding in agility drills and skill development.",2576,5,2023-05-28,1257.0
1714,2023-10-02,52,3,6213.0,548.0,651.0,672.0,80.0,95.0,95.0,91.0,Champions,225059,2023-10-02,3.0,724.0,41,male,North America,0,Cyan,1.0,fall,"Adidas swim goggles for kids offer clear vision and comfort, making swimming enjoyable and safe.",2576,4,2023-10-02,2172.0
1734,2023-11-09,14,2,2736.0,644.0,544.0,587.0,94.0,80.0,79.0,83.0,Champions,479927,2023-03-29,2.0,838.0,53,female,Asia,1,mix,0.0,summer,"Adidas weightlifting belts provide essential support, promoting proper lifting technique.",2432,4,2023-03-29,1676.0
1734,2023-11-09,14,2,2736.0,644.0,544.0,587.0,94.0,80.0,79.0,83.0,Champions,449212,2023-11-09,2.0,530.0,25,male,Europe,0,Brown,1.0,summer,"Adidas wrestling singlets for kids offer a comfortable fit, allowing for ease of movement.",2432,5,2023-11-09,1060.0
1739,2023-11-22,1,2,2046.0,686.0,544.0,543.0,100.0,80.0,79.0,84.0,Champions,676215,2023-11-22,2.0,98.0,21,male,North America,1,Yellow,0.0,winter,"Adidas cricket pads for kids provide protection and flexibility, allowing young cricketers to play with confidence.",4472,5,2023-11-22,196.0
1739,2023-11-22,1,2,2046.0,686.0,544.0,543.0,100.0,80.0,79.0,84.0,Champions,105702,2023-05-08,2.0,925.0,32,female,Europe,0,Lavender,1.0,winter,"Adidas soccer jerseys for kids come in various designs, allowing young players to showcase their style on the field.",4472,5,2023-05-08,1850.0
1745,2023-06-15,161,3,5274.0,316.0,651.0,659.0,46.0,95.0,95.0,83.0,Champions,268469,2023-02-15,3.0,71.0,36,male,Asia,1,Pink,0.0,winter,Adidas basketballs for kids are well-constructed and suitable for junior players.,5921,5,2023-02-15,213.0
1745,2023-06-15,161,3,5274.0,316.0,651.0,659.0,46.0,95.0,95.0,83.0,Champions,135059,2023-06-15,3.0,806.0,53,male,North America,0,Purple,0.0,winter,"Adidas basketball jerseys for kids combine style and functionality, meeting the needs of young players.",5921,5,2023-06-15,2418.0
1745,2023-06-15,161,3,5274.0,316.0,651.0,659.0,46.0,95.0,95.0,83.0,Champions,816881,2023-05-10,3.0,881.0,59,male,Europe,1,Green,0.0,spring,"Adidas tennis balls for kids are suitable for junior players, ensuring an enjoyable tennis experience.",5921,5,2023-05-10,2643.0
1746,2023-10-10,44,3,1683.0,566.0,651.0,519.0,82.0,95.0,95.0,92.0,Champions,964841,2023-03-25,3.0,89.0,19,female,Europe,0,Blue,0.0,winter,The Adidas EQT collection showcases sleek designs with a focus on both style and performance.,4132,5,2023-03-25,267.0
1746,2023-10-10,44,3,1683.0,566.0,651.0,519.0,82.0,95.0,95.0,92.0,Champions,139161,2023-01-05,3.0,168.0,41,female,North America,0,Red,1.0,summer,The quality control at Adidas seems nonexistent.,4132,1,2023-01-05,504.0
1746,2023-10-10,44,3,1683.0,566.0,651.0,519.0,82.0,95.0,95.0,92.0,Champions,162768,2023-10-10,3.0,304.0,42,female,North America,0,Orange,1.0,summer,"Adidas volleyball shorts combine style and functionality, catering to volleyball enthusiasts.",4132,4,2023-10-10,912.0
1764,2023-09-23,61,3,3030.0,525.0,651.0,611.0,76.0,95.0,95.0,90.0,Champions,171217,2023-09-23,3.0,563.0,32,male,North America,0,Cyan,1.0,spring,"Adidas weightlifting straps are sturdy and reliable, aiding in heavy lifting exercises.",5651,5,2023-09-23,1689.0
1764,2023-09-23,61,3,3030.0,525.0,651.0,611.0,76.0,95.0,95.0,90.0,Champions,558627,2023-03-24,3.0,356.0,41,female,South America ,0,Turquoise,0.0,winter,"Adidas wrestling singlets offer a comfortable fit, allowing for freedom of movement.",5651,4,2023-03-24,1068.0
1764,2023-09-23,61,3,3030.0,525.0,651.0,611.0,76.0,95.0,95.0,90.0,Champions,195824,2023-05-18,3.0,91.0,38,female,North America,0,Purple,0.0,winter,"Adidas, your sizes run small, and it's frustrating for customers.",5651,1,2023-05-18,273.0
1767,2023-08-11,104,4,4329.0,424.0,684.0,640.0,62.0,100.0,99.0,90.0,Champions,622279,2023-08-10,3.0,71.0,51,female,Europe,0,Maroon,1.0,winter,The Adidas website is filled with bugs and glitches.,2912,1,2023-08-10,213.0
1767,2023-08-11,104,4,4329.0,424.0,684.0,640.0,62.0,100.0,99.0,90.0,Champions,883802,2023-08-11,3.0,720.0,35,female,Europe,0,Purple,0.0,fall,"Adidas softball jerseys for kids combine style and functionality, meeting the needs of young softball players.",2912,5,2023-08-11,2160.0
1767,2023-08-11,104,4,4329.0,424.0,684.0,640.0,62.0,100.0,99.0,90.0,Champions,330157,2023-06-13,3.0,207.0,36,male,North America,0,Olive,0.0,summer,Adidas basketballs for kids are durable and suitable for junior players.,2912,5,2023-06-13,621.0
1767,2023-08-11,104,4,4329.0,424.0,684.0,640.0,62.0,100.0,99.0,90.0,Champions,946938,2023-04-21,3.0,445.0,32,male,North America,0,Pink,0.0,fall,The Adidas app crashed multiple times while I was trying to make a purchase.,2912,1,2023-04-21,1335.0
1769,2023-11-05,18,3,3327.0,636.0,651.0,624.0,92.0,95.0,95.0,94.0,Champions,929320,2023-11-05,3.0,277.0,34,female,Europe,1,Green,0.0,spring,"Adidas soccer gloves for kids provide a secure grip, enhancing the young goalkeeper's performance.",4328,5,2023-11-05,831.0
1769,2023-11-05,18,3,3327.0,636.0,651.0,624.0,92.0,95.0,95.0,94.0,Champions,807780,2022-12-18,3.0,761.0,65,female,North America,0,Lavender,1.0,summer,"Adidas baseball gloves for kids offer a secure grip, enhancing the young player's performance on the diamond.",4328,5,2022-12-18,2283.0
1769,2023-11-05,18,3,3327.0,636.0,651.0,624.0,92.0,95.0,95.0,94.0,Champions,895545,2023-07-21,3.0,71.0,56,male,Asia,1,Purple,1.0,winter,"Adidas wrestling singlets for kids offer a comfortable fit, allowing for ease of movement.",4328,4,2023-07-21,213.0
1771,2023-08-24,91,2,2106.0,456.0,544.0,544.0,66.0,80.0,79.0,76.0,Champions,167947,2023-08-24,2.0,478.0,23,male,Europe,0,Lavender,1.0,summer,Impressed with the durability of my Adidas duffel bag. It withstands daily use and still looks brand new. 5/5!,6446,5,2023-08-24,956.0
1771,2023-08-24,91,2,2106.0,456.0,544.0,544.0,66.0,80.0,79.0,76.0,Champions,470600,2023-04-22,2.0,575.0,24,male,South America ,1,Lavender,1.0,summer,"The sole of my Adidas shoes wore down quickly, and they became uncomfortable.",6446,1,2023-04-22,1150.0
1786,2023-11-16,7,3,3018.0,666.0,651.0,609.0,97.0,95.0,95.0,95.0,Champions,886893,2023-11-16,3.0,517.0,47,female,South America ,1,Lavender,0.0,winter,"Adidas soccer shorts for kids are stylish and comfortable, perfect for young athletes.",2424,5,2023-11-16,1551.0
1786,2023-11-16,7,3,3018.0,666.0,651.0,609.0,97.0,95.0,95.0,95.0,Champions,799626,2023-02-07,3.0,112.0,32,male,North America,1,Maroon,0.0,summer,"Adidas water bottles are practical and durable, standing up to regular use.",2424,4,2023-02-07,336.0
1786,2023-11-16,7,3,3018.0,666.0,651.0,609.0,97.0,95.0,95.0,95.0,Champions,256620,2022-12-19,3.0,377.0,43,female,South America ,0,mix,1.0,spring,"Adidas cheerleading uniforms for kids combine style and comfort, allowing young cheerleaders to perform with confidence.",2424,5,2022-12-19,1131.0
1805,2023-07-10,136,3,5253.0,371.0,651.0,658.0,54.0,95.0,95.0,85.0,Champions,535817,2023-05-03,3.0,921.0,20,female,Asia,0,Green,0.0,summer,"Adidas soccer goals for kids are durable and well-designed, ensuring a reliable setup for games.",4574,5,2023-05-03,2763.0
1805,2023-07-10,136,3,5253.0,371.0,651.0,658.0,54.0,95.0,95.0,85.0,Champions,929387,2023-03-03,3.0,759.0,57,male,Europe,1,Purple,1.0,spring,"Adidas soccer jerseys have unique designs, but the sizing may be long for some players.",4574,3,2023-03-03,2277.0
1805,2023-07-10,136,3,5253.0,371.0,651.0,658.0,54.0,95.0,95.0,85.0,Champions,538393,2023-07-10,3.0,71.0,40,female,South America ,0,Yellow,0.0,summer,I've encountered sizing issues with Adidas footwear.,4574,2,2023-07-10,213.0
1809,2023-08-19,96,3,4464.0,446.0,651.0,647.0,65.0,95.0,95.0,87.0,Champions,547204,2023-02-24,3.0,279.0,46,female,Asia,1,Blue,0.0,fall,I expected better customer service from Adidas.,2826,2,2023-02-24,837.0
1809,2023-08-19,96,3,4464.0,446.0,651.0,647.0,65.0,95.0,95.0,87.0,Champions,279628,2023-03-29,3.0,549.0,40,female,Europe,0,Maroon,0.0,winter,"Adidas, you've lost a loyal customer due to your poor quality.",2826,1,2023-03-29,1647.0
1809,2023-08-19,96,3,4464.0,446.0,651.0,647.0,65.0,95.0,95.0,87.0,Champions,618038,2023-08-19,3.0,660.0,51,male,Europe,0,Red,0.0,fall,"Adidas equestrian boots for kids are stylish and comfortable, providing young riders with a secure fit in the saddle.",2826,5,2023-08-19,1980.0
1812,2023-10-23,31,3,4416.0,597.0,651.0,645.0,87.0,95.0,95.0,93.0,Champions,224387,2023-03-30,3.0,519.0,52,male,Asia,1,Turquoise,0.0,winter,Adidas Swift Run X shoes provide a snug fit and sleek look. A perfect 5 out of 5!,2338,5,2023-03-30,1557.0
1812,2023-10-23,31,3,4416.0,597.0,651.0,645.0,87.0,95.0,95.0,93.0,Champions,594761,2023-10-23,3.0,276.0,64,female,Europe,0,Maroon,1.0,summer,"Adidas basketball backpacks for kids are spacious and durable, making them perfect for carrying gear to and from games.",2338,5,2023-10-23,828.0
1812,2023-10-23,31,3,4416.0,597.0,651.0,645.0,87.0,95.0,95.0,93.0,Champions,407936,2023-02-04,3.0,677.0,44,male,North America,0,Cyan,0.0,fall,"Adidas swim goggles for kids offer clarity and comfort, making swimming a delightful experience for the little ones.",2338,5,2023-02-04,2031.0
1817,2023-11-21,2,2,2486.0,681.0,544.0,562.0,99.0,80.0,79.0,84.0,Champions,887888,2023-11-21,2.0,687.0,37,male,North America,1,Yellow,0.0,summer,Impressed with the grip of my Adidas Adipower weightlifting shoes. Excellent for heavy lifts – a solid 5 stars!,6736,5,2023-11-21,1374.0
1817,2023-11-21,2,2,2486.0,681.0,544.0,562.0,99.0,80.0,79.0,84.0,Champions,887726,2023-01-09,2.0,556.0,50,male,South America ,0,Olive,0.0,winter,"Adidas soccer shorts for kids boast a perfect fusion of style and comfort, allowing young athletes to showcase their skills with confidence.",6736,5,2023-01-09,1112.0
1827,2023-10-29,25,2,2600.0,612.0,544.0,578.0,89.0,80.0,79.0,82.0,Champions,769534,2023-06-06,2.0,866.0,37,male,North America,1,Purple,0.0,fall,"Adidas karate uniforms for kids are durable and comfortable, ensuring young martial artists can focus on their training.",5991,5,2023-06-06,1732.0
1827,2023-10-29,25,2,2600.0,612.0,544.0,578.0,89.0,80.0,79.0,82.0,Champions,444718,2023-10-29,2.0,434.0,50,female,North America,0,Magenta,1.0,winter,Adidas volleyball shoes for kids provide the essential comfort and support needed for optimal performance on the court.,5991,5,2023-10-29,868.0
1831,2023-09-21,63,2,1058.0,518.0,544.0,484.0,75.0,80.0,79.0,78.0,Champions,292783,2023-09-21,2.0,106.0,58,female,North America,0,Gray,0.0,fall,Adidas rugby balls for kids are durable and suitable for young rugby enthusiasts.,3084,5,2023-09-21,212.0
1831,2023-09-21,63,2,1058.0,518.0,544.0,484.0,75.0,80.0,79.0,78.0,Champions,595497,2023-06-26,2.0,423.0,41,female,Asia,0,Turquoise,1.0,summer,"Adidas, you've lost a loyal customer due to your poor quality.",3084,1,2023-06-26,846.0
1841,2023-10-18,36,2,1484.0,585.0,544.0,506.0,85.0,80.0,79.0,81.0,Champions,157610,2023-10-18,2.0,500.0,29,male,Asia,1,Purple,1.0,winter,My Adidas X_PLR sneakers are versatile and comfortable for daily wear. A solid 5 out of 5!,5336,5,2023-10-18,1000.0
1841,2023-10-18,36,2,1484.0,585.0,544.0,506.0,85.0,80.0,79.0,81.0,Champions,323081,2023-07-28,2.0,242.0,62,female,South America ,1,Olive,0.0,spring,Adidas should invest more in sustainable packaging.,5336,2,2023-07-28,484.0
1848,2023-09-06,78,3,6528.0,484.0,651.0,676.0,70.0,95.0,95.0,89.0,Champions,175343,2023-09-04,3.0,805.0,42,male,Asia,1,Magenta,0.0,winter,"Adidas, your shoes are uncomfortable, and I regret my purchase.",3223,1,2023-09-04,2415.0
1848,2023-09-06,78,3,6528.0,484.0,651.0,676.0,70.0,95.0,95.0,89.0,Champions,233112,2023-09-06,3.0,632.0,43,male,North America,0,Cyan,1.0,winter,"Adidas ankle socks are comfortable and practical, suitable for various activities.",3223,4,2023-09-06,1896.0
1848,2023-09-06,78,3,6528.0,484.0,651.0,676.0,70.0,95.0,95.0,89.0,Champions,931481,2023-02-14,3.0,739.0,58,male,Asia,1,Maroon,0.0,fall,Adidas Ultraboost 21 sneakers offer unmatched cushioning. Great for long runs – a solid 5 stars!,3223,5,2023-02-14,2217.0
1852,2023-08-01,114,4,4977.0,406.0,684.0,652.0,59.0,100.0,99.0,89.0,Champions,517035,2023-06-06,3.0,875.0,57,male,South America ,1,Turquoise,1.0,winter,My Adidas shoes started squeaking after only a few days of use.,3337,1,2023-06-06,2625.0
1852,2023-08-01,114,4,4977.0,406.0,684.0,652.0,59.0,100.0,99.0,89.0,Champions,723256,2023-04-11,3.0,187.0,41,female,Asia,1,Brown,1.0,summer,Adidas basketballs for kids are well-constructed and suitable for junior players.,3337,5,2023-04-11,561.0
1852,2023-08-01,114,4,4977.0,406.0,684.0,652.0,59.0,100.0,99.0,89.0,Champions,816516,2023-06-07,3.0,296.0,51,male,North America,0,mix,0.0,summer,"Adidas wrist weights are adjustable, but they may feel bulky during certain exercises.",3337,3,2023-06-07,888.0
1852,2023-08-01,114,4,4977.0,406.0,684.0,652.0,59.0,100.0,99.0,89.0,Champions,499082,2023-08-01,3.0,301.0,28,male,Europe,1,Olive,1.0,fall,I expected more comfort from Adidas sneakers.,3337,2,2023-08-01,903.0
1864,2023-09-22,62,2,2982.0,521.0,544.0,605.0,76.0,80.0,79.0,78.0,Champions,702232,2023-09-22,2.0,537.0,25,female,North America,0,Olive,0.0,spring,"Adidas snow pants provide insulation and protection, making them suitable for winter activities.",4984,4,2023-09-22,1074.0
1864,2023-09-22,62,2,2982.0,521.0,544.0,605.0,76.0,80.0,79.0,78.0,Champions,208550,2023-07-15,2.0,953.75,25,female,Asia,1,Purple,1.0,fall,My Adidas order was delayed without any notification.,4984,1,2023-07-15,1907.5
1870,2023-10-09,45,4,6237.0,564.0,684.0,673.0,82.0,100.0,99.0,95.0,Champions,309453,2023-10-09,3.0,158.0,61,male,Europe,1,Yellow,1.0,winter,"Adidas swimwear is durable, though the sizing may not be consistent across styles.",3010,3,2023-10-09,474.0
1870,2023-10-09,45,4,6237.0,564.0,684.0,673.0,82.0,100.0,99.0,95.0,Champions,180076,2023-10-08,3.0,863.0,48,female,North America,0,Green,0.0,summer,The Adidas online store is not user-friendly.,3010,1,2023-10-08,2589.0
1870,2023-10-09,45,4,6237.0,564.0,684.0,673.0,82.0,100.0,99.0,95.0,Champions,600001,2022-12-07,3.0,551.0,59,male,North America,1,Maroon,1.0,spring,"Adidas soccer shorts for kids are stylish and comfortable, perfect for young athletes.",3010,5,2022-12-07,1653.0
1870,2023-10-09,45,4,6237.0,564.0,684.0,673.0,82.0,100.0,99.0,95.0,Champions,469025,2023-04-15,3.0,507.0,54,male,South America ,0,Gray,1.0,spring,"Adidas wrestling singlets for kids offer a comfortable fit, allowing for ease of movement.",3010,5,2023-04-15,1521.0
1871,2023-10-26,28,2,3142.0,604.0,544.0,616.0,88.0,80.0,79.0,81.0,Champions,814566,2023-06-16,2.0,953.75,23,female,South America ,0,Magenta,0.0,fall,"Adidas swim goggles for kids offer clear vision and comfort, making swimming enjoyable and safe.",3628,5,2023-06-16,1907.5
1871,2023-10-26,28,2,3142.0,604.0,544.0,616.0,88.0,80.0,79.0,81.0,Champions,309560,2023-10-26,2.0,617.0,19,female,Europe,1,Maroon,0.0,fall,"Adidas soccer shorts for kids are stylish and comfortable, perfect for young athletes.",3628,5,2023-10-26,1234.0
1885,2023-07-24,122,3,6846.0,395.0,651.0,680.0,57.0,95.0,95.0,85.0,Champions,773284,2023-06-15,3.0,850.0,40,male,South America ,1,Purple,1.0,spring,"Adidas basketball jerseys combine style and functionality, catering to basketball enthusiasts.",5889,5,2023-06-15,2550.0
1885,2023-07-24,122,3,6846.0,395.0,651.0,680.0,57.0,95.0,95.0,85.0,Champions,373250,2023-02-11,3.0,826.0,23,male,Asia,0,Cyan,1.0,fall,"Adidas lacrosse helmets for kids offer reliable protection, meeting safety standards for the sport.",5889,5,2023-02-11,2478.0
1885,2023-07-24,122,3,6846.0,395.0,651.0,680.0,57.0,95.0,95.0,85.0,Champions,452961,2023-07-24,3.0,606.0,31,male,Europe,0,mix,1.0,winter,"Adidas swim goggles for kids provide crystal-clear vision and comfort, making every swim session enjoyable and safe.",5889,5,2023-07-24,1818.0
1888,2023-08-26,89,2,1476.0,460.0,544.0,505.0,67.0,80.0,79.0,76.0,Champions,842423,2023-06-23,2.0,267.0,48,male,South America ,1,Lavender,0.0,winter,"Adidas wrestling shoes offer superior grip and support, enhancing performance on the mat.",3108,5,2023-06-23,534.0
1888,2023-08-26,89,2,1476.0,460.0,544.0,505.0,67.0,80.0,79.0,76.0,Champions,946122,2023-08-26,2.0,471.0,60,female,North America,0,Cyan,0.0,winter,"Adidas wrestling shoes offer superior grip and support, enhancing performance on the mat.",3108,4,2023-08-26,942.0
1891,2023-11-15,8,2,2954.0,662.0,544.0,602.0,96.0,80.0,79.0,83.0,Champions,472368,2023-06-17,2.0,622.0,50,female,Asia,1,Brown,1.0,summer,The durability of Adidas products is questionable.,3407,2,2023-06-17,1244.0
1891,2023-11-15,8,2,2954.0,662.0,544.0,602.0,96.0,80.0,79.0,83.0,Champions,623603,2023-11-15,2.0,855.0,20,female,Asia,1,Gray,1.0,winter,"Adidas softball helmets for kids offer protection and comfort, ensuring safety during softball games.",3407,5,2023-11-15,1710.0
1907,2023-11-02,21,3,3222.0,624.0,651.0,618.0,91.0,95.0,95.0,94.0,Champions,363792,2023-03-15,3.0,301.0,63,female,Asia,1,Green,1.0,fall,The Adidas Ultra Boost series provides unbeatable cushioning and support for various activities.,3063,5,2023-03-15,903.0
1907,2023-11-02,21,3,3222.0,624.0,651.0,618.0,91.0,95.0,95.0,94.0,Champions,768003,2023-04-16,3.0,376.0,63,female,South America ,1,Red,0.0,fall,"Adidas lacrosse helmets for kids offer reliable protection, meeting safety standards for the sport.",3063,5,2023-04-16,1128.0
1907,2023-11-02,21,3,3222.0,624.0,651.0,618.0,91.0,95.0,95.0,94.0,Champions,366749,2023-11-02,3.0,397.0,59,male,Europe,1,Blue,1.0,spring,Impressed with the durability of my Adidas Tiro soccer pants. They withstand rigorous training sessions. 5 stars!,3063,5,2023-11-02,1191.0
1912,2023-03-21,247,3,3132.0,160.0,651.0,615.0,23.0,95.0,95.0,77.0,Champions,815798,2023-01-25,3.0,102.0,42,female,Europe,1,mix,1.0,fall,Adidas lacrosse sticks for kids are lightweight and designed for younger players.,2707,5,2023-01-25,306.0
1912,2023-03-21,247,3,3132.0,160.0,651.0,615.0,23.0,95.0,95.0,77.0,Champions,788370,2022-11-24,3.0,792.0,31,male,North America,0,Turquoise,0.0,spring,"The Adidas Yeezy line has distinctive designs, but availability can be a challenge.",2707,3,2022-11-24,2376.0
1912,2023-03-21,247,3,3132.0,160.0,651.0,615.0,23.0,95.0,95.0,77.0,Champions,141296,2023-03-21,3.0,150.0,32,female,South America ,1,Yellow,0.0,spring,"Adidas soccer goals for kids are built to withstand countless matches, providing a reliable setup for young soccer enthusiasts.",2707,5,2023-03-21,450.0
1922,2023-08-29,86,3,5616.0,468.0,651.0,665.0,68.0,95.0,95.0,88.0,Champions,576942,2023-06-27,3.0,583.0,59,female,North America,0,Orange,1.0,winter,"Adidas tennis shoes provide good traction, but the break-in period can be uncomfortable.",3157,3,2023-06-27,1749.0
1922,2023-08-29,86,3,5616.0,468.0,651.0,665.0,68.0,95.0,95.0,88.0,Champions,624788,2023-08-29,3.0,805.0,34,female,North America,0,Purple,1.0,winter,"Adidas lacrosse cleats offer good traction, but they may require a longer break-in period.",3157,3,2023-08-29,2415.0
1922,2023-08-29,86,3,5616.0,468.0,651.0,665.0,68.0,95.0,95.0,88.0,Champions,915181,2023-05-13,3.0,484.0,62,male,North America,1,Green,0.0,winter,"Adidas lacrosse shooting strings for kids allow customization of their lacrosse sticks, giving them control over the pocket's feel.",3157,5,2023-05-13,1452.0
1925,2023-08-22,93,3,5955.0,454.0,651.0,669.0,66.0,95.0,95.0,88.0,Champions,598321,2023-08-22,3.0,415.0,50,male,South America ,1,Brown,1.0,winter,"Adidas swim goggles for kids offer clear vision and comfort, making swimming enjoyable and safe.",2981,5,2023-08-22,1245.0
1925,2023-08-22,93,3,5955.0,454.0,651.0,669.0,66.0,95.0,95.0,88.0,Champions,606163,2022-12-02,3.0,884.0,36,male,South America ,0,Green,0.0,summer,"Adidas swimming goggles for kids make pool time enjoyable and safe, offering clear vision and a comfortable fit.",2981,5,2022-12-02,2652.0
1925,2023-08-22,93,3,5955.0,454.0,651.0,669.0,66.0,95.0,95.0,88.0,Champions,805519,2023-02-20,3.0,686.0,59,female,South America ,0,Purple,0.0,fall,"Adidas basketball jerseys for kids combine style and functionality, meeting the needs of young players.",2981,5,2023-02-20,2058.0
1928,2023-06-22,154,4,7118.0,332.0,684.0,684.0,48.0,100.0,99.0,87.0,Champions,671630,2023-01-23,3.0,953.75,64,female,South America ,0,Yellow,0.0,winter,"Adidas knee sleeves offer reliable support, making them a valuable accessory for workouts.",2391,5,2023-01-23,2861.25
1928,2023-06-22,154,4,7118.0,332.0,684.0,684.0,48.0,100.0,99.0,87.0,Champions,977720,2023-06-22,3.0,86.0,22,female,North America,1,Orange,1.0,spring,The customer service at Adidas lacks professionalism and responsiveness.,2391,1,2023-06-22,258.0
1928,2023-06-22,154,4,7118.0,332.0,684.0,684.0,48.0,100.0,99.0,87.0,Champions,686090,2023-05-14,3.0,856.0,48,female,North America,0,Orange,1.0,winter,"Adidas swimming caps for kids come in vibrant colors and provide a snug fit, enhancing their experience in the pool.",2391,5,2023-05-14,2568.0
1928,2023-06-22,154,4,7118.0,332.0,684.0,684.0,48.0,100.0,99.0,87.0,Champions,197745,2023-06-11,3.0,477.0,35,male,Asia,1,Magenta,0.0,winter,"Adidas mouthguards offer good protection, but the sizing may feel bulky for some users.",2391,3,2023-06-11,1431.0
1940,2023-09-16,68,2,2156.0,505.0,544.0,549.0,73.0,80.0,79.0,78.0,Champions,158443,2023-06-20,2.0,283.0,45,male,Europe,1,Green,0.0,winter,"Adidas lacrosse balls have a consistent bounce, meeting the standards of the game.",3239,5,2023-06-20,566.0
1940,2023-09-16,68,2,2156.0,505.0,544.0,549.0,73.0,80.0,79.0,78.0,Champions,326437,2023-09-16,2.0,795.0,46,male,North America,0,Blue,0.0,spring,"Adidas cycling jerseys for kids are stylish and breathable, ensuring a comfortable ride during biking sessions.",3239,5,2023-09-16,1590.0
1941,2023-10-26,28,2,1122.0,604.0,544.0,486.0,88.0,80.0,79.0,81.0,Champions,548850,2023-10-26,2.0,479.0,58,female,Asia,0,Yellow,0.0,spring,"Adidas soccer cleats provide excellent traction on the field, enhancing performance.",2727,4,2023-10-26,958.0
1941,2023-10-26,28,2,1122.0,604.0,544.0,486.0,88.0,80.0,79.0,81.0,Champions,351021,2023-02-08,2.0,82.0,62,male,North America,0,Red,0.0,fall,"Adidas swim goggles for kids offer clear vision and comfort, making swimming enjoyable and safe.",2727,4,2023-02-08,164.0
1949,2023-07-16,130,3,7112.0,380.0,651.0,682.0,55.0,95.0,95.0,85.0,Champions,228005,2023-05-05,3.0,953.75,65,male,Asia,0,Pink,1.0,fall,"Adidas golf tees are durable and practical, meeting the needs of avid golfers.",3043,5,2023-05-05,2861.25
1949,2023-07-16,130,3,7112.0,380.0,651.0,682.0,55.0,95.0,95.0,85.0,Champions,644101,2023-07-03,3.0,497.0,25,female,Europe,1,mix,0.0,winter,"Adidas field hockey balls for kids offer durability and precision, enhancing their performance on the field.",3043,5,2023-07-03,1491.0
1949,2023-07-16,130,3,7112.0,380.0,651.0,682.0,55.0,95.0,95.0,85.0,Champions,850035,2023-07-16,3.0,920.0,59,female,South America ,1,Cyan,0.0,winter,"Adidas volleyball shoes for kids provide comfort and support, enhancing their performance on the court.",3043,4,2023-07-16,2760.0
1959,2023-06-23,153,4,7694.0,337.0,684.0,685.0,49.0,100.0,99.0,87.0,Champions,843379,2023-06-01,3.0,943.0,18,male,Europe,1,Cyan,1.0,winter,The Adidas EQT collection features sleek and modern designs with a focus on performance.,3108,4,2023-06-01,2829.0
1959,2023-06-23,153,4,7694.0,337.0,684.0,685.0,49.0,100.0,99.0,87.0,Champions,304242,2023-06-23,3.0,597.0,47,male,Europe,0,Red,1.0,winter,Adidas basketballs for kids are well-constructed and suitable for junior players.,3108,5,2023-06-23,1791.0
1959,2023-06-23,153,4,7694.0,337.0,684.0,685.0,49.0,100.0,99.0,87.0,Champions,117974,2022-12-29,3.0,71.0,61,female,South America ,0,Yellow,0.0,fall,"Adidas football jerseys for kids are designed with moisture-wicking fabric, keeping them cool and comfortable on the field.",3108,5,2022-12-29,213.0
1959,2023-06-23,153,4,7694.0,337.0,684.0,685.0,49.0,100.0,99.0,87.0,Champions,985657,2023-02-02,3.0,953.75,28,male,Europe,1,Brown,1.0,fall,"Adidas skiing gloves for kids offer warmth and dexterity, making them suitable for young skiers.",3108,5,2023-02-02,2861.25
1962,2023-09-19,65,3,2916.0,512.0,651.0,599.0,74.0,95.0,95.0,90.0,Champions,131388,2023-09-19,3.0,496.0,45,female,South America ,0,Yellow,1.0,winter,"Adidas socks are my go-to. They're comfortable, stay in place, and the quality is top-notch. A definite 5-star rating.",3235,5,2023-09-19,1488.0
1962,2023-09-19,65,3,2916.0,512.0,651.0,599.0,74.0,95.0,95.0,90.0,Champions,834312,2023-05-18,3.0,403.0,50,female,Asia,0,Cyan,1.0,spring,The Adidas logo on my shirt started cracking after a couple of wears.,3235,1,2023-05-18,1209.0
1962,2023-09-19,65,3,2916.0,512.0,651.0,599.0,74.0,95.0,95.0,90.0,Champions,125291,2023-02-11,3.0,73.0,44,male,Europe,0,Purple,0.0,spring,"Adidas lacrosse goals for kids are portable and easy to assemble, providing a convenient option for backyard play.",3235,5,2023-02-11,219.0
1966,2023-11-07,16,2,2512.0,640.0,544.0,566.0,93.0,80.0,79.0,83.0,Champions,391122,2023-11-07,2.0,653.0,23,female,North America,1,Blue,0.0,summer,"Adidas soccer jerseys for kids are stylish and durable, meeting the demands of young athletes.",6052,5,2023-11-07,1306.0
1966,2023-11-07,16,2,2512.0,640.0,544.0,566.0,93.0,80.0,79.0,83.0,Champions,660412,2023-04-21,2.0,603.0,29,male,South America ,0,Blue,1.0,summer,"Adidas soccer cleats for kids provide good traction on the field, ensuring safety and performance.",6052,4,2023-04-21,1206.0
1969,2023-09-26,58,2,2464.0,535.0,544.0,560.0,78.0,80.0,79.0,79.0,Champions,674532,2023-09-26,2.0,278.0,42,female,Asia,0,Yellow,1.0,summer,"Adidas soccer gloves for kids offer a secure grip, empowering young goalkeepers to make crucial saves with confidence.",2985,5,2023-09-26,556.0
1969,2023-09-26,58,2,2464.0,535.0,544.0,560.0,78.0,80.0,79.0,79.0,Champions,953224,2022-12-26,2.0,953.75,28,male,Asia,1,Gray,0.0,spring,"Adidas basketball shorts for kids combine style and functionality, meeting the demands of young players.",2985,5,2022-12-26,1907.5
1980,2023-10-09,45,2,3786.0,564.0,544.0,637.0,82.0,80.0,79.0,80.0,Champions,438302,2023-04-26,2.0,953.75,56,male,Asia,0,mix,0.0,summer,Certainly! Here are another 100 comments with a score of 5/5:,2318,5,2023-04-26,1907.5
1980,2023-10-09,45,2,3786.0,564.0,544.0,637.0,82.0,80.0,79.0,80.0,Champions,761516,2023-10-09,2.0,939.0,26,female,North America,1,Brown,0.0,spring,"Adidas wrestling headgear for kids offers protection and comfort, ensuring safety during play.",2318,5,2023-10-09,1878.0
1989,2023-10-14,40,3,4857.0,572.0,651.0,651.0,83.0,95.0,95.0,92.0,Champions,814529,2023-05-30,3.0,109.0,50,female,Asia,0,Olive,0.0,summer,"Adidas basketball shorts for kids combine style and functionality, meeting the demands of young players.",2719,5,2023-05-30,327.0
1989,2023-10-14,40,3,4857.0,572.0,651.0,651.0,83.0,95.0,95.0,92.0,Champions,509327,2023-02-18,3.0,947.0,40,male,South America ,1,Lavender,0.0,spring,The quality of Adidas apparel has gone downhill.,2719,1,2023-02-18,2841.0
1989,2023-10-14,40,3,4857.0,572.0,651.0,651.0,83.0,95.0,95.0,92.0,Champions,358289,2023-10-14,3.0,563.0,44,female,Europe,0,Lavender,1.0,winter,"Adidas basketball whistles for kids are durable and easy to use, making them essential for young referees and coaches.",2719,5,2023-10-14,1689.0
2005,2023-10-18,36,2,2882.0,585.0,544.0,597.0,85.0,80.0,79.0,81.0,Champions,252501,2023-10-18,2.0,487.0,37,male,North America,0,Turquoise,0.0,spring,"Adidas sunglasses boast both style and UV protection, making them a practical accessory.",6405,4,2023-10-18,974.0
2005,2023-10-18,36,2,2882.0,585.0,544.0,597.0,85.0,80.0,79.0,81.0,Champions,476238,2023-02-19,2.0,953.75,28,female,South America ,0,Brown,0.0,summer,"Adidas soccer referee whistles for kids are compact and durable, ensuring they can effectively officiate games.",6405,5,2023-02-19,1907.5
2038,2023-11-03,20,3,4508.0,628.0,651.0,648.0,91.0,95.0,95.0,94.0,Champions,855124,2023-07-07,3.0,399.0,62,female,Europe,1,Blue,0.0,winter,"Adidas backpacks are durable, but some users may find them too bulky.",2871,3,2023-07-07,1197.0
2038,2023-11-03,20,3,4508.0,628.0,651.0,648.0,91.0,95.0,95.0,94.0,Champions,982952,2023-11-03,3.0,953.75,52,female,North America,1,Pink,1.0,spring,"Adidas wrestling headgear for kids guarantees safety during play, offering both protection and comfort.",2871,5,2023-11-03,2861.25
2038,2023-11-03,20,3,4508.0,628.0,651.0,648.0,91.0,95.0,95.0,94.0,Champions,589298,2023-07-27,3.0,150.0,60,male,North America,1,Maroon,0.0,summer,"Adidas wrestling headgear for kids offers protection and comfort, ensuring safety during play.",2871,4,2023-07-27,450.0
2047,2023-11-02,21,3,5730.0,624.0,651.0,666.0,91.0,95.0,95.0,94.0,Champions,685510,2023-11-02,3.0,552.0,59,female,South America ,1,Yellow,0.0,winter,"Adidas wrestling singlets for kids offer a comfortable fit, allowing for ease of movement.",3256,5,2023-11-02,1656.0
2047,2023-11-02,21,3,5730.0,624.0,651.0,666.0,91.0,95.0,95.0,94.0,Champions,940961,2023-03-22,3.0,930.0,21,male,Europe,1,Gray,1.0,winter,"Adidas knee sleeves provide reliable support, making them a valuable accessory for workouts.",3256,4,2023-03-22,2790.0
2047,2023-11-02,21,3,5730.0,624.0,651.0,666.0,91.0,95.0,95.0,94.0,Champions,115041,2023-05-23,3.0,428.0,49,male,Asia,1,Orange,0.0,winter,"Adidas soccer captain armbands for kids come in vibrant colors, allowing team captains to stand out on the field.",3256,5,2023-05-23,1284.0
2068,2023-08-31,84,2,1468.0,471.0,544.0,504.0,68.0,80.0,79.0,77.0,Champions,245557,2023-08-31,2.0,218.0,37,female,North America,1,Maroon,0.0,summer,"Adidas basketball shorts for kids combine style and functionality, meeting the demands of young players.",6351,5,2023-08-31,436.0
2068,2023-08-31,84,2,1468.0,471.0,544.0,504.0,68.0,80.0,79.0,77.0,Champions,114484,2023-03-01,2.0,516.0,57,female,Europe,1,Olive,1.0,winter,"Adidas soccer gloves for kids provide a secure grip, enhancing the young goalkeeper's performance.",6351,4,2023-03-01,1032.0
2070,2023-09-08,76,2,1932.0,488.0,544.0,535.0,71.0,80.0,79.0,77.0,Champions,658362,2023-09-08,2.0,124.0,26,male,Europe,0,Pink,1.0,summer,I've had issues with the durability of Adidas sneakers.,5188,2,2023-09-08,248.0
2070,2023-09-08,76,2,1932.0,488.0,544.0,535.0,71.0,80.0,79.0,77.0,Champions,387031,2023-07-11,2.0,842.0,48,female,Asia,1,mix,0.0,summer,"Adidas lacrosse helmets offer reliable protection, meeting safety standards for the sport.",5188,4,2023-07-11,1684.0
2075,2023-09-19,65,2,2576.0,512.0,544.0,575.0,74.0,80.0,79.0,78.0,Champions,756920,2023-09-19,2.0,953.75,61,male,North America,1,mix,1.0,winter,"Adidas volleyball shoes for kids provide comfort and support, enhancing their performance on the court.",3350,5,2023-09-19,1907.5
2075,2023-09-19,65,2,2576.0,512.0,544.0,575.0,74.0,80.0,79.0,78.0,Champions,842783,2023-08-21,2.0,334.0,33,female,Europe,0,Purple,0.0,summer,"Adidas cycling helmets for kids offer protection and comfort, ensuring safety during bike rides.",3350,5,2023-08-21,668.0
2085,2023-10-08,46,2,1554.0,562.0,544.0,510.0,82.0,80.0,79.0,80.0,Champions,810462,2023-10-08,2.0,466.0,62,female,South America ,0,Lavender,1.0,winter,"Adidas NMD collection impresses with its fusion of innovation, comfort, and striking aesthetics.",3321,5,2023-10-08,932.0
2085,2023-10-08,46,2,1554.0,562.0,544.0,510.0,82.0,80.0,79.0,80.0,Champions,825669,2023-03-03,2.0,311.0,53,male,Asia,1,Pink,0.0,winter,"Adidas, your products don't justify the high prices.",3321,1,2023-03-03,622.0
2112,2023-10-27,27,3,5526.0,608.0,651.0,663.0,88.0,95.0,95.0,93.0,Champions,368173,2023-10-27,3.0,883.0,60,male,North America,1,Brown,0.0,winter,"Adidas referee whistles are loud and durable, meeting the needs of sports officials.",2711,5,2023-10-27,2649.0
2112,2023-10-27,27,3,5526.0,608.0,651.0,663.0,88.0,95.0,95.0,93.0,Champions,658448,2023-10-17,3.0,559.0,39,male,South America ,1,Red,0.0,spring,Adidas Originals never disappoint. The retro vibe of my new sneakers is fantastic. 5 stars all the way!,2711,5,2023-10-17,1677.0
2112,2023-10-27,27,3,5526.0,608.0,651.0,663.0,88.0,95.0,95.0,93.0,Champions,228163,2023-01-18,3.0,400.0,20,male,North America,0,Magenta,0.0,winter,"Adidas soccer balls for kids are built tough, ensuring they can withstand the enthusiastic play of young athletes.",2711,5,2023-01-18,1200.0
2128,2023-10-16,38,3,2973.0,578.0,651.0,603.0,84.0,95.0,95.0,92.0,Champions,958496,2023-06-13,3.0,292.0,28,male,North America,1,Purple,1.0,fall,"Adidas lacrosse sticks are durable and well-designed, meeting the demands of the game.",6233,5,2023-06-13,876.0
2128,2023-10-16,38,3,2973.0,578.0,651.0,603.0,84.0,95.0,95.0,92.0,Champions,323074,2023-10-16,3.0,628.0,27,male,Europe,1,Red,0.0,summer,"Adidas wrestling singlets for kids offer a snug fit and freedom of movement, allowing for ease during matches.",6233,5,2023-10-16,1884.0
2128,2023-10-16,38,3,2973.0,578.0,651.0,603.0,84.0,95.0,95.0,92.0,Champions,408005,2023-09-18,3.0,71.0,51,female,Europe,0,mix,1.0,winter,"Adidas lacrosse goals for kids are portable and easy to assemble, providing a convenient option for backyard play.",6233,5,2023-09-18,213.0
2129,2023-10-18,36,2,1596.0,585.0,544.0,513.0,85.0,80.0,79.0,81.0,Champions,899435,2023-03-01,2.0,515.0,48,male,North America,0,Maroon,0.0,fall,Adidas could invest more in product research and development.,3010,2,2023-03-01,1030.0
2129,2023-10-18,36,2,1596.0,585.0,544.0,513.0,85.0,80.0,79.0,81.0,Champions,281037,2023-10-18,2.0,283.0,34,male,South America ,0,mix,1.0,winter,"Adidas softball gloves for kids offer a secure and comfortable fit, enhancing their fielding skills on the diamond.",3010,5,2023-10-18,566.0
2139,2023-10-02,52,2,2932.0,548.0,544.0,600.0,80.0,80.0,79.0,79.0,Champions,554539,2023-10-02,2.0,782.0,62,male,Asia,1,mix,1.0,spring,"Adidas workout shirts offer breathability and style, enhancing the workout experience.",2981,4,2023-10-02,1564.0
2139,2023-10-02,52,2,2932.0,548.0,544.0,600.0,80.0,80.0,79.0,79.0,Champions,185889,2023-04-21,2.0,684.0,47,female,North America,0,mix,0.0,spring,"Adidas basketball shorts for kids combine style and functionality, meeting the demands of young players.",2981,5,2023-04-21,1368.0
2147,2023-11-03,20,2,1816.0,628.0,544.0,528.0,91.0,80.0,79.0,82.0,Champions,778449,2023-11-03,2.0,658.0,37,female,North America,1,Olive,0.0,fall,"Adidas wrestling singlets for kids offer a comfortable fit, allowing for ease of movement.",5966,5,2023-11-03,1316.0
2147,2023-11-03,20,2,1816.0,628.0,544.0,528.0,91.0,80.0,79.0,82.0,Champions,908673,2023-03-17,2.0,250.0,20,female,South America ,0,mix,1.0,summer,"Adidas lacrosse gloves for kids provide protection and flexibility, ensuring comfort and safety on the lacrosse field.",5966,5,2023-03-17,500.0
2162,2023-10-04,50,2,2412.0,553.0,544.0,558.0,80.0,80.0,79.0,80.0,Champions,966552,2023-02-26,2.0,748.0,50,male,South America ,1,Magenta,0.0,summer,My Adidas EQT Support shoes are not only stylish but also incredibly comfortable. A solid 5 out of 5!,2293,5,2023-02-26,1496.0
2162,2023-10-04,50,2,2412.0,553.0,544.0,558.0,80.0,80.0,79.0,80.0,Champions,173919,2023-10-04,2.0,458.0,43,male,Asia,0,Red,0.0,spring,"Adidas basketball shorts for kids combine style and functionality, meeting the demands of young players.",2293,5,2023-10-04,916.0
2180,2023-10-16,38,3,3585.0,578.0,651.0,628.0,84.0,95.0,95.0,92.0,Champions,348246,2023-10-16,3.0,579.0,41,female,Europe,0,Purple,1.0,fall,"Adidas wrestling shoes for kids offer reliable grip and support, enhancing performance on the mat.",2883,5,2023-10-16,1737.0
2180,2023-10-16,38,3,3585.0,578.0,651.0,628.0,84.0,95.0,95.0,92.0,Champions,793184,2022-11-24,3.0,261.0,23,female,Europe,0,Blue,0.0,fall,"The quality of Adidas sunglasses is commendable, but the styles may not suit everyone.",2883,3,2022-11-24,783.0
2180,2023-10-16,38,3,3585.0,578.0,651.0,628.0,84.0,95.0,95.0,92.0,Champions,729127,2023-05-14,3.0,355.0,33,female,Europe,1,Brown,0.0,spring,"Adidas knee sleeves offer support, but the sizing may be too tight for some users.",2883,3,2023-05-14,1065.0
2187,2023-11-05,18,3,5796.0,636.0,651.0,667.0,92.0,95.0,95.0,94.0,Champions,256627,2023-11-05,3.0,394.0,47,female,South America ,0,Blue,1.0,spring,"Adidas lacrosse mesh kits for kids offer customization options for their lacrosse sticks, allowing them to tailor the pocket to their liking.",2781,5,2023-11-05,1182.0
2187,2023-11-05,18,3,5796.0,636.0,651.0,667.0,92.0,95.0,95.0,94.0,Champions,629094,2023-10-19,3.0,887.0,25,female,Asia,1,Lavender,0.0,summer,"Adidas lacrosse helmets for kids offer top-notch protection, adhering to the highest safety standards for the sport.",2781,5,2023-10-19,2661.0
2187,2023-11-05,18,3,5796.0,636.0,651.0,667.0,92.0,95.0,95.0,94.0,Champions,505744,2023-07-15,3.0,651.0,25,female,Europe,1,mix,0.0,winter,"Adidas basketball court stencil kits for kids make it easy to create a regulation-size court, enhancing the backyard basketball experience.",2781,5,2023-07-15,1953.0
2209,2023-10-18,36,3,6171.0,585.0,651.0,671.0,85.0,95.0,95.0,92.0,Champions,243383,2023-10-18,3.0,733.0,45,female,North America,1,Maroon,1.0,winter,"Adidas knee pads provide reliable protection, making them essential for certain activities.",3043,5,2023-10-18,2199.0
2209,2023-10-18,36,3,6171.0,585.0,651.0,671.0,85.0,95.0,95.0,92.0,Champions,995375,2023-01-18,3.0,431.0,25,female,Europe,0,Yellow,0.0,summer,The pricing of Adidas items doesn't always match the quality.,3043,2,2023-01-18,1293.0
2209,2023-10-18,36,3,6171.0,585.0,651.0,671.0,85.0,95.0,95.0,92.0,Champions,232535,2023-01-13,3.0,893.0,42,male,Europe,1,Maroon,0.0,spring,"Adidas workout headbands are comfortable, but they may slip during intense exercise.",3043,3,2023-01-13,2679.0
2212,2023-09-30,54,2,2690.0,544.0,544.0,584.0,79.0,80.0,79.0,79.0,Champions,918940,2023-09-30,2.0,710.0,53,female,Asia,0,Blue,1.0,winter,The Adidas Ultra Boost series offers exceptional cushioning and support for various activities.,3399,4,2023-09-30,1420.0
2212,2023-09-30,54,2,2690.0,544.0,544.0,584.0,79.0,80.0,79.0,79.0,Champions,553336,2023-09-04,2.0,635.0,33,female,North America,1,Green,1.0,fall,"Adidas soccer shorts for kids are not only stylish but also comfortable, making them perfect for young athletes.",3399,5,2023-09-04,1270.0
2219,2023-10-16,38,3,3588.0,578.0,651.0,629.0,84.0,95.0,95.0,92.0,Champions,103510,2023-10-10,3.0,932.0,55,female,Asia,1,Blue,0.0,winter,"Adidas basketball jerseys for kids combine style and functionality, meeting young players' needs.",2879,5,2023-10-10,2796.0
2219,2023-10-16,38,3,3588.0,578.0,651.0,629.0,84.0,95.0,95.0,92.0,Champions,168941,2023-04-09,3.0,71.0,49,female,North America,0,Gray,0.0,summer,"Adidas swim goggles for kids offer clear vision and comfort, making swimming enjoyable and safe.",2879,5,2023-04-09,213.0
2219,2023-10-16,38,3,3588.0,578.0,651.0,629.0,84.0,95.0,95.0,92.0,Champions,988770,2023-10-16,3.0,193.0,57,female,Europe,0,Red,1.0,winter,"Adidas wrestling headgear for kids offers protection and comfort, ensuring safety during play.",2879,5,2023-10-16,579.0
2253,2023-08-29,86,2,2124.0,468.0,544.0,545.0,68.0,80.0,79.0,76.0,Champions,448735,2023-07-02,2.0,791.0,45,female,Europe,1,Brown,0.0,fall,The Adidas shoes I purchased started falling apart at the seams.,3022,1,2023-07-02,1582.0
2253,2023-08-29,86,2,2124.0,468.0,544.0,545.0,68.0,80.0,79.0,76.0,Champions,134629,2023-08-29,2.0,271.0,54,male,South America ,1,Green,0.0,spring,"Adidas soccer balls provide consistent performance, making them suitable for various settings.",3022,4,2023-08-29,542.0
2262,2023-11-13,10,2,788.0,654.0,544.0,369.0,95.0,80.0,79.0,83.0,Champions,183497,2023-04-28,2.0,314.0,25,male,South America ,1,Green,0.0,fall,"Adidas softball cleats for kids offer traction and support, enhancing their performance on the softball field.",6777,5,2023-04-28,628.0
2262,2023-11-13,10,2,788.0,654.0,544.0,369.0,95.0,80.0,79.0,83.0,Champions,369572,2023-11-13,2.0,80.0,63,female,South America ,1,Magenta,0.0,winter,"Adidas lacrosse goggles for kids offer protection and clarity, ensuring safety and visibility on the lacrosse field.",6777,5,2023-11-13,160.0
2279,2023-11-17,6,2,898.0,668.0,544.0,431.0,97.0,80.0,79.0,84.0,Champions,462579,2023-01-14,2.0,97.0,37,female,North America,1,Purple,1.0,spring,"Adidas, the materials used in your products are cheap and uncomfortable.",6007,1,2023-01-14,194.0
2279,2023-11-17,6,2,898.0,668.0,544.0,431.0,97.0,80.0,79.0,84.0,Champions,258425,2023-11-17,2.0,352.0,47,male,North America,0,Pink,1.0,winter,"Adidas soccer balls for kids are built tough, ensuring they can withstand the enthusiastic play of young athletes.",6007,5,2023-11-17,704.0
2290,2023-04-09,228,3,4397.0,196.0,651.0,644.0,28.0,95.0,95.0,78.0,Champions,246376,2023-01-17,3.0,407.0,32,male,Europe,0,Blue,1.0,fall,The pricing of Adidas clothing is justified by the superior quality and trendy designs.,4304,5,2023-01-17,1221.0
2290,2023-04-09,228,3,4397.0,196.0,651.0,644.0,28.0,95.0,95.0,78.0,Champions,969044,2022-12-25,3.0,953.75,22,female,Asia,1,Green,1.0,winter,"Adidas wrestling headgear for kids offers protection and comfort, ensuring safety during play.",4304,5,2022-12-25,2861.25
2290,2023-04-09,228,3,4397.0,196.0,651.0,644.0,28.0,95.0,95.0,78.0,Champions,895146,2023-04-09,3.0,105.0,51,male,Asia,0,Orange,1.0,spring,"Adidas swim goggles for kids provide a clear and comfortable underwater experience, making swimming a joy for the little ones.",4304,5,2023-04-09,315.0
